bar_id,song,source,shuffle_idx,seq,plddt,seq_len
bar_0,Super Freaky Girl (Queen Mix),concordance,-1,VAIPKTVDVASECFIVLEKSVEATLNGDLCNYGVEAPLGIEATGACLAGPPATLDDIVKNLSCIERGDLYWLIKDEAWYIEATGACLA,0.310779,88
bar_0,Super Freaky Girl (Queen Mix),native_ala,-1,ITALDHIMITSNAFRIENDSINTHEGAMEYAAAINTLEARNTHATYETALLTHEMARIDGESYAACAMEAVERDANTAARNTHATYET,0.383881,88
bar_0,Super Freaky Girl (Queen Mix),scrambled_concordance,0,NIVNSGLLVGTAALILDPTCKVGVAIEKGDILGWCTKWPPDELILGAASLTVRCEAAEIASAGVAVTLNDECDYCKDEEYFELYAPIA,0.31353846153846154,88
bar_0,Super Freaky Girl (Queen Mix),scrambled_concordance,1,ALVTFPLLSSRNGICEAVAGVVNNCLCDTIITPLAEYEIVALDAWELGGEGKSAACDPGTLGILLADWYEVKKPIYTIDVEAEKCDAA,0.33541538461538456,88
bar_0,Super Freaky Girl (Queen Mix),scrambled_concordance,2,GTALKAIAVLDDLTGSAPACVLNGWLELAEPCGRTAPTEFIEEGDYITKPECSVGKGALAAKIYVVIAAINYDDDVEWLELLVCCSIN,0.3075076923076923,88
bar_0,Super Freaky Girl (Queen Mix),scrambled_native_ala,0,DDYETENAEHATACARITRTANALTATATIYMATARENGIHADEHENSVAHGERIYENTALAFEESRMLDILIATMTMSYHNANTAAI,0.5638518518518519,88
bar_0,Super Freaky Girl (Queen Mix),scrambled_native_ala,1,TIAAHTESRTENAADTRAEAGHATIYTGYNEDLERHAETDMHTETESECILNIAAEMNHLMDIAYATYAALNSNARINFTVTMAAARI,0.40782222222222225,88
bar_0,Super Freaky Girl (Queen Mix),scrambled_native_ala,2,IAATLAATNANATARDYHAMHENRAESFNTVSTHNEMHYNAIEGYALTMAIRILEAMAIAESETIRAANCTDITHTELTYRTDGEEDA,0.44402962962962966,88
bar_3,I Lied,concordance,-1,CTNKPSAGTLGIAIILGYLIHKEAPLACSWMILGYDVELRHSVPPCLSDGSTVEHVEKQHSGEKRCAAVEATLDYIGYLPVELS,0.347106,84
bar_3,I Lied,native_ala,-1,YAAAASTAHEARTAREAKERWANTLETYAAAREAKMINECASILLAESMASHINWINDAWSANDCATTINTHEMARAKELINES,0.437755,84
bar_3,I Lied,scrambled_concordance,0,IVEIVYGESTLAAPCHNIEGYGAELRHSPLALETLYHVSATLGVDTWGKYICHAKDCPSALDEGPEQLSISKLLSRMIVPCVGK,0.3333596214511041,84
bar_3,I Lied,scrambled_concordance,1,LKHAPLAEDSIMYLKLVSRALDESLVAGPHIIHQGKISATSSEVEAVYRTWGLLTPLKPTICYCESGILCCGDNYGPAGEHEVV,0.3796056782334385,84
bar_3,I Lied,scrambled_concordance,2,TLEEGLDEVTISSYYPAAECPIVEQGTLAGRSMYGIHAWGPACACGSLPAVVYENKVVGTKPHLEILLSDDKIRHLKSLHCLIS,0.31080441640378553,84
bar_3,I Lied,scrambled_native_ala,0,ETCNSNIEIMNESEAWWNAETSAEAHAAAYEATLSLTEATIAAAKMKIWTEARARKADNAMAYLRSCRHANRADESIHNIAALT,0.43808049535603716,84
bar_3,I Lied,scrambled_native_ala,1,ITAAAHNTREITTNAHAAWAALLEEESAESIKEAKMDANNAIASSRAEANLACYWAMRKLSIAYTTACWINDMTANHERAEESR,0.7404334365325077,84
bar_3,I Lied,scrambled_native_ala,2,AACNANIAWTSEEDYRASLAIEAREAKHAALATHATADHLYEAAEAWKSIEMENERATAAWTCSIILNRNITMNTSNSEKARMA,0.4534210526315789,84
bar_6,I’m The Best,concordance,-1,LWLICATVENVAIVLKAAALGRTLDATLCNGESLLVAVEAVDLALPPATLDYVARTLSNLAGSAVRYVDKIELPLGKVENATLHPVEK,0.374198,88
bar_6,I’m The Best,native_ala,-1,EVERYTHINGITRIEDTATEACHEMTHEYGANSEEITINTIMETELLTHEMAITCHESGETASTICKIMDANELEADINGTHEALIND,0.34975,88
bar_6,I’m The Best,scrambled_concordance,0,LVADHVAIWPTVAAAENDLLVVVGKLPVCLEVKCTRSVAENDARYGYLTLLLPKPITGNTLTALLGSLSEALLVAAVEARKDLAINEA,0.4074153846153846,88
bar_6,I’m The Best,scrambled_concordance,1,VGLAASPGLVNVAGALSWADELIYTVLKALVKTADPEDALHLAYCCRLALRLLPSAVNLNKNEGTVTLLVVEAKAPVVDAIERLETIT,0.49699999999999994,88
bar_6,I’m The Best,scrambled_concordance,2,VAINALLTKLAVLECLAEKRPPEIVVAVDTLSAGWGNTLDYSDNVIGLEALVYKEPRTETNVLLLAAGSRLVVHKLATADVAAPLCLA,0.3652461538461539,88
bar_6,I’m The Best,scrambled_native_ala,0,DACETTGIHNINETYEETLCSIRTEEHSITIATHEMVEKTEEIAENGAEAIGAHTAITDNMCNHEHTGDMLMILDERLATEETYIINS,0.6794713656387665,88
bar_6,I’m The Best,scrambled_native_ala,1,IEKNDEAETDTAHSEEATGEETELVTNMENTCIDRNTSMILTYATAETEAMAHLETGICHCLYNEERHIGIIHHAEITNTIMIGESID,0.30129221732745964,88
bar_6,I’m The Best,scrambled_native_ala,2,IIELEMCIETAYEETMMHNSARSVKGTDGACAIEHISITHLENMEYAHICHDIGNTNTETLEDATGTHEITNDNAETAEETTIERELI,0.29180616740088106,88
bar_8,Moment 4 Life,concordance,-1,VHVPPILAVILHVATATLIVENGEKVHVPPILAVILHVATATLRIEHECLSEDVDEMAPFRYCVDLPLSSLKCLSRPGQFRIATLTLGWCHLVNTARTGDQDLASAVRWDPKEAKIVAGPPGPRELHL,0.309001,128
bar_8,Moment 4 Life,native_ala,-1,IWILLRETIREWITHTHERINGANDIWILLRETIREWITHTHECRAWNYESNAIMNATLACKYIMALESSEDYESCLAPFARTHEHEAVYWEIGHTCHAMPMEAATICAALDNTDAITALLALANEWE,0.357749,128
bar_8,Moment 4 Life,scrambled_concordance,0,AGSVLVVVPVPLQRAEHVDRIVLCHHGCDTMPLVASAEYLNEAWATSRLLHFPCKLVPGRCGAGVASAIILIKPRDLETLPRTPLLQRLLAIHHWAFNTKETVVIHEDDLAGPLVEITPSIEATVKDP,0.35144750254841994,128
bar_8,Moment 4 Life,scrambled_concordance,1,HGIADHVPGRPTSVEVPAPLEPATLLAYVEEAVAPHNPALVFKARCNISVVIGRWWCGPIATRCKVEFLVALDHGALCQTEDTSTTLITSLLVGLVAIKPKVSVLARDLPLRDDLHEHEQPLRMHLII,,128
bar_8,Moment 4 Life,scrambled_concordance,2,APTFVCSARNHWADRVRAPDLACLQEFPVERASKGDPYTREVIKTPHLMGTLRNIETLIGHPKVSVPDCWAAAHTDLGLVVAVLVQECVRHPLGLTLVAPKALLIEDSLVPIGSPHEVILIAIETLHL,0.26965341488277267,128
bar_8,Moment 4 Life,scrambled_native_ala,0,LMELEIAIIAWYRTEAEIATENHIWHCRWSHIWSAAAAEDELIILKTRWLHYAARNYANLDTAEICLYRDGHTLFPETHIAGAIEMEELPIVINCEATENNTREHEMAWDTCLTCSASAHLTWTIMRN,0.25398467432950195,128
bar_8,Moment 4 Life,scrambled_native_ala,1,VEMDCWADEHELYHEHCTEELANIIIHWILWGLCLYARMTTEYIMRELEHACFEIDITIIGLTNSNCNLLWSTIRAAAEKSHTAPHTANENPLIREITLAWMERYDANATISEIWRHTAAAWAEAATR,0.3898850574712644,128
bar_8,Moment 4 Life,scrambled_native_ala,2,AACALPRTIHIYHRALYAWGDNITHATEEYCAAATEELTELCSSTERLNLWIYNWAEIEEMIMLCLWSHAIELMSWIFHTMIIVDAEHWANPEIEIAETRELRDTDANHHNRIGTELTRACWAKIANT,0.35194444444444445,128
bar_9,the light is coming,concordance,-1,GEKLWLICATVENVQLLQLKRGEAMTSACESLLSVQSALGGEKVASFESHLLAILSQLRAFGKNCGPHTLEDVKAELSQLGY,0.449451,82
bar_9,the light is coming,native_ala,-1,ANDEVERYTHINGIPEEPEDCANTAASTANSEESIPSTEAANDITSANSWEETRESPECTAADGYALWHENMIDANESPEAK,0.42709,82
bar_9,the light is coming,scrambled_concordance,0,GTLSSDAELLELKWLIAQEEAVLLNSLSGRQQAGALAVQLSRCENCASYLGTMHHLGLVSAPFESKLGIQKEKFLVKTGCVE,0.44139384116693675,82
bar_9,the light is coming,scrambled_concordance,1,CTILLFEWKKEREHVVEAPCVCKELNFTMLRGLLTGSESGSLESGQSKLAQYEGIAAHGQVANAGLQSVLLALALSLKLSQD,0.3917666126418152,82
bar_9,the light is coming,scrambled_concordance,2,SQVVPFELHSSLGKSWLCSEESEAFNQTVLLLELLGKGSCAQLGLISAKIDGLETAATLGLGEKAVEALYRKQMVACQNHLR,0.41917341977309563,82
bar_9,the light is coming,scrambled_native_ala,0,EAEAASATTSTIIERPEGNADCSTESDEPADNSNTDVAIAEMNEIWPESRGCTNEEAEAEETSSNPLNADHAYNYPIHAKEW,0.43705787781350486,82
bar_9,the light is coming,scrambled_native_ala,1,INKDYSEAWIPEWEAGNTYSSANETAPNDNNAHSETSCSAEETTAILPAENDESIMAGERAIEARVPAPDTCENSHEETEDA,0.4487299035369775,82
bar_9,the light is coming,scrambled_native_ala,2,ENATNEARNSAESAHCENENTTGCSPAHPLADAAESPEYADATSIPDATSEVDEKIAIEGNAINNEIDSEEWPWSRTMYTEE,0.4513826366559485,82
bar_11,Hell Yeah,concordance,-1,HTLEATLCNAGNGVESAATLYVKVASNYERRSAFMIILGPRGDLSAIGVNTAFISDATLTEHKHVATATLRIRSSGQQLGPATGASHTCATLSLQVNEGDLSHGEEGANSSATLKLGP,0.343791,118
bar_11,Hell Yeah,native_ala,-1,WHENTHEYGAAGAINSTTHEKIDITSGANCASTFARREALCAMESTRAIGHTFRAMTHEHAADWITHTHECRASSAPPEALTHATSWHYTHESEAIGNAMESWANNATASSTHEDEAL,0.284336,118
bar_11,Hell Yeah,scrambled_concordance,0,EESTPVGNTAGDRGTGELRTAAYEASEITQELSTSSKAAPGSGATLNGLSDTTAGIFIANIMQLHHHGNVYTANNCFHLAAACVSVLLALAVLGQTKKEALTGPHSRVRDSLLISGSR,0.4139482961222091,118
bar_11,Hell Yeah,scrambled_concordance,1,GCISTHTSSSTFALVQAISAAKRGAGFEVSDNHPGELHALVVIGLILSTTHASANPGSAGLSNQVAEKTSEGQLLPDGLSVGAADEHNTREYGNTLTGNLRKAATLITATMERCALYR,0.3511398354876616,118
bar_11,Hell Yeah,scrambled_concordance,2,VSFYTLASSLAGHTGTFCELPNTSEASRAEGRAAAYGASLRKLHNASLEVARVTTNLNPIGITEESACAGKLGLKRNEQGLQDGTTATVGDTHSAVLSLQGPSSAIALHGIIDVNTHM,0.293090481786134,118
bar_11,Hell Yeah,scrambled_native_ala,0,AWEETWMHTSTADGSASRLARASPHATHRAESSSFPTYHAATGAERTFITTETWTAANSHGAHEMTITCDAMKCDSSINIEEHAGCLTAANNHGEELTHENAREIANSEIYAWAHHAH,0.32471238938053093,118
bar_11,Hell Yeah,scrambled_native_ala,1,WINKGANTSHACMGEETASEEAWSHEHSAFSAAMEASGTANLGLAAYTAHTPEESIADAWAIHHHRAPNTCSEESAEARTENNAASTTRMHFWAITGTTSHTEAHCITRLIRDHYHTD,0.31243362831858407,118
bar_11,Hell Yeah,scrambled_native_ala,2,NHHLIEGTTETCAAHIRPYLEFAPSDLHSINAATAISWGWNHCANHFMTREIAATMAEATEHSSHERTKSEGAHESNATSCERAAWTAAHHGTTSANEDEMWSADEAYRITTGAHSTA,0.3649557522123894,118
bar_13,Dear Old Nicki,concordance,-1,VAIVLKADRTGEELPCRMVETQQLSATGAVDGCSALLICPPMGRYMCAVASPVYLLWLICVEALISLRAVIEHLMESADVSSLGRTVATG,0.368353,90
bar_13,Dear Old Nicki,native_ala,-1,ITRIEDTACHANNELYAAINHAPESTHATIMAYSTEERYAAAACKAATITSLIKEEVERYINTERSECTIANWEAASTMISSEACHATHA,0.449563,90
bar_13,Dear Old Nicki,scrambled_concordance,0,LLPKTVSGACIPEVAAQVLQTRCIAAMVILLRDVMLLSRTLVALEHRPDSRAYSSMVAAVCISTCVLIGLGGPLTAECMEEAGDVESGYW,0.538530303030303,90
bar_13,Dear Old Nicki,scrambled_concordance,1,ETSGLVRKTSERLISEDEAAHYVLGTIAVVAAWLCGMVACVVVPLMRLILGPLACMCVAAARLQSYLTIMACQVSIPTEGDDLPRLGSES,0.5866060606060606,90
bar_13,Dear Old Nicki,scrambled_concordance,2,TDYCSLTAGAGSMRSAELVLVDVELARGRDVILMWVRLESLAESGSQLYPTVPHTVTGSVALCMLEVGCIAAAIIEMPLCRPKLAQAVIC,0.3033939393939394,90
bar_13,Dear Old Nicki,scrambled_native_ala,0,IAHKAAARETINATAECRVASSEIRMISTAWNRLLIACTHTESETNTEAECIYAPCEETSEKSDYHNASMAIHATYIAYEAANEAATHIT,0.3954664723032071,90
bar_13,Dear Old Nicki,scrambled_native_ala,1,SIACIAMCAAEHIEAIAITADANINVCASHEAAYTAKSHSRITTLYLTECTHYEYRWTMAHSSRTTKATSNANAIERAENEEEEAAPETI,0.33502915451895043,90
bar_13,Dear Old Nicki,scrambled_native_ala,2,YHRRTEIASETAEAHEEMKDTSATEYEYIEYVIEEIEIINTSLRSASAKEANAAAASATACHNTNSTHACLWIHAAPCATMAINCRTTIA,0.4600583090379009,90
bar_17,Love Me Enough,concordance,-1,FVISAATVENSFVISAGPPDCNVIPSYERHCSWIHKIATSLPFPRWLVSATLNILGALSAPVWLFELGIATRICCACILCLSFPANLAVAIYAVASATLHHISASYAPKWLKKEATFIAEK,0.351897,121
bar_17,Love Me Enough,native_ala,-1,FIRSTTHINGSFIRSTALLMYGIRLSKNAWYAARWARTHSELFLAVEISTHEGREATESTLAVEANEARTHCRYYAAREYESAATGETITAATITSTHEWARSTAATLAVEDANTHARTNA,0.296868,121
bar_17,Love Me Enough,scrambled_concordance,0,WNPAAHWLPCTRYLIHLHFVEASAIALILPASGSIWDVVSLASAVIFELAPPAEFISVSIKGSACCTISEAPYFKTALIYGSWLCAFTVSFKPKIILIAANLCRATPCHVAVTARSKLNEN,0.27677874186550977,121
bar_17,Love Me Enough,scrambled_concordance,1,VAHIAEIACASSVANLTFAVWHRVWAFALWISAVRLPNNPLIEKASHYIYAHLASIWCTSVAIPDGSFFVSIKPTAREFELICTLSGKLAGPENVLAPCLSIKFAYTSTKCCPLAIILSAP,0.3592082429501085,121
bar_17,Love Me Enough,scrambled_concordance,2,WAYPSVLELFVVAAAASLYCCNITLSLKLNSARLNAEIFHPEATLHWDIGSSFTAPKVFPVKGINHYIREIIAAIFICCRTAPWLCWACLAASTIAVKPALTSASVSAPVSIGKHPLFISE,0.3282754880694143,121
bar_17,Love Me Enough,scrambled_native_ala,0,EHIINAAAESWEHSAYNLETHEARTASALVLSRNAFGERSATEYDWRATANRRKMHTSAIAVTEGHTTTEAIYASRIWFFEINASITRCTGHAVGLSRAAATLLAYAYTTTERRTEASTLT,0.3159365079365079,121
bar_17,Love Me Enough,scrambled_native_ala,1,RYGYYTASRRCFAEWLSSSYTTLSIANTGIEEIIAHTHIAAALITDREAHVTWRTRFEGFEEAKMLYAETRSEATRAHRASTETTAHTNNAWRENLVVSLTALAAEISTHTANGAAATRAS,0.4188783068783069,121
bar_17,Love Me Enough,scrambled_native_ala,2,LEAKNITSAAAAMTRLTRTANCLAWHETAENHSYRGLIYTNHSAAHAAHARSGRTTFELATRAGSVYESWSAERTAARYIAARRATTSTEERLIFIWYTVFGATLINHAISTEEESETVTD,0.333015873015873,121
bar_23,Miami,concordance,-1,VKLEAELWLIRPVMKLSQWRAATLCYEPHHTAATLRPVMKLVSFGSAPVAAPLIVARTLSKYAEFRYSISLVDATLMSVRYLSADQIAGPYEDFGAEVEYGEVRYVHTECGQVRYVS,0.298055,117
bar_23,Miami,native_ala,-1,IDANTNEVERCLIQAEAPAATTHEYKNAWWHATHECLIQAEISFASTLITTLEAITCHESAATAFCAARSEIMTHEQAICKESTMARTALKAMAATNINAANICKIWHAYAPICKIS,0.343356,117
bar_23,Miami,scrambled_concordance,0,PKCGASEVIDLYGDPASRSRKRVILGALTWTHTPETVALFGRIYLRLYVVESSAAAHYIVSWYYAAQQEAERPYEVSFTYVKTDKMVESGHLAFLQVECRMLRSEPVVLVALPMLAA,0.2853023758099352,117
bar_23,Miami,scrambled_concordance,1,PRVYQHRTSLVEHRALRSAMEGPLAETIAAYVLRHVRVALDESPCSVEVYLCEALFKRPFAKMTDAGTLSADALQWLWVEMYKVPIIQATYVSKVVLGSFTAYSIGAVSREYPYLGE,0.33033477321814253,117
bar_23,Miami,scrambled_concordance,2,DERLLSSVSDGHSPRYAWACQAYEYAEFTEVRKERHRCMAVSLRVEVFVQWLVIRPGVRLTLLPAATVVEATTAKKVKYQVAASGPEGPPISIAFLYLHSLYGISLAEAMDTVYYLM,0.3074298056155507,117
bar_23,Miami,scrambled_native_ala,0,KHMEYTKTECIMEKKHEITFHYAAATTPAAASQEHTARNEHAEATTIWCAAILSAVIAAIANKIEAANACCAATICEIIEDLSCAEWSSPWRTANMTICILLAQTAIQFSRALNHTN,0.3925701459034793,117
bar_23,Miami,scrambled_native_ala,1,WCEAEISAVACHEMIQKEIINIAATQENTALETEIWEYFMPYAEARTAIATAICLNTSTLAHAKTHDMCILCASKIAWTTAATSNITAELAHNIFANARKAHKRPICCASHQETAAS,0.3807744107744108,117
bar_23,Miami,scrambled_native_ala,2,QHLMEACHIRIQLWEISKSIIKEIWCINAETSFIDEECYATTENHFHTITAALTAITIQNAIAAAHPCLTLAYHTVATAKPKITANAAECAENANRAAMSASMEKAATTEAACSCRW,0.33636363636363636,117
bar_25,No Flag,concordance,-1,SGCATLMFLLEEGDLCSHRGENLASKDLVPPQILSSATGAHLEAIVNTARWLICTPITLGKCNDSTWVPKFLLPQPLSSLKDDSAWLRSLKGPIATFSAGIRTRGCSLATLCSAVPPQILSSLK,0.354994,124
bar_25,No Flag,native_ala,-1,SAYTHEQAEENNAMEYAACANGETSAMEILLPRESSTHATWENTRIGHTAVERYAARHEADYAASHAALDFEELALESSEDMASTVEASEDALATAFSTARCHCAASETHEYSTILLPRESSED,,124
bar_25,No Flag,scrambled_concordance,0,LLSTARKITQSLWTCGGKPSEFGCAGDCECITNLPLLASSADLNLSDMGSVLTFELLFKVRVRASITLVALWSRLKPLGQLGDNIHDSSQPCWSPTKSSAIKLAEPLCIHTGPLLSPATPIAAR,0.2818763557483731,124
bar_25,No Flag,scrambled_concordance,1,DVGGTSGRLECCLLVHPTKSALSEMGATTLADKINRIGNLLRCKCKSCADQSPGSALHRLSFSAFLLQCAIRPITLATDLSDSILLIPTLSSVPTIQLPAFPLKAGWKPAWWVLGSEESSPNTL,0.29759219088937094,124
bar_25,No Flag,scrambled_concordance,2,RSENCFPALCAIDIAEIVSKLGLIALWRTRIGTELDPQPTSSLLDSLLGGGGLPILAEAHKKPTCARSLKAKSPSFALSNLGQADLGLPWLCLLRTISTKCTTVMSQFVWPTSANSCPSSVDHL,0.29998915401301524,124
bar_25,No Flag,scrambled_native_ala,0,RDRSASHAEAESYNANSCEVLEEHRAEPHAPALELEAAFLTSDISYEASSAFTTQEYEAAATSDEAMTEMARLAYTARIALGRAVASSHSAWLHNSEELEEYTCMGCDAESTNTHTDAHEEITA,0.37282539682539684,124
bar_25,No Flag,scrambled_native_ala,1,SWTATIYAAERRVLANESLSAALCAATRMYEHARTALDHELSSMGMSEEEEAGDITACANTDEQAYESPEHEEHATEESASESSALDANEITAATANPVYERSHFSCLEHHATEAYFASALDTR,0.42849735449735454,124
bar_25,No Flag,scrambled_native_ala,2,DATEAHTISDSTRHESHYAASMAERTTENTASETHEAPEEHNLLSETEAATAADSCRISYSHLASTYSRRWLAAMLDISATEEANFNHAELDSAECPVEASCGAEALLEEVEQGAAMYRYAFEA,0.4011005291005291,124
bar_26,Seeing Green,concordance,-1,ATLSLPVARTLSSAVPPDCSPESHTPRVDPKLWLIKLECVADCQGRYSTVAKVFFLILEAHTPRPFPKLWLISFQQPCVA,0.362179,80
bar_26,Seeing Green,native_ala,-1,THESEAITCHESSTILLMYSANSWHACAALDEVERDENYITMYPACKSHITDIFFERENTWHACAALDEVERSAPPLYIT,,80
bar_26,Seeing Green,scrambled_concordance,0,AVTLEPPTLVRIATRLPSQGLCCFPCAEVKSSVIFILQSHLLDVWTRKHSAKPAFLDQEALRCDYVWKFVPSTPAPLSPP,0.4148320000000001,80
bar_26,Seeing Green,scrambled_concordance,1,EELKACLFFFTFIASVDSPPRLAARSHVCPIPPHPIQSPTVTQLPLKDGEPAVQRSRLTCCLKAAPLYWTVWSKVLVSDL,0.371856,80
bar_26,Seeing Green,scrambled_concordance,2,PDQGTCHPAYPEAKFVQPPRSLRALHLLATLLIPLCRLSVFCITWAFPEKSSLKQERTPFCVVSLAVIDPDSSWAPKVVT,0.49046399999999996,80
bar_26,Seeing Green,scrambled_native_ala,0,TARISPTHNAASECCLADVLFARATEAFESCWYTETLMMSPSINLDTNHSAIAHKVDDLHERTACYEWEIYPHEYEIIES,0.4512656250000001,80
bar_26,Seeing Green,scrambled_native_ala,1,ANSEIIIHSAFWCAVLYLTEFSEHPEEAYLAARDWHRSANEMTCRENYDAHELCITTEILEHKSMTPSAPSIVTDADYTC,0.42639062499999997,80
bar_26,Seeing Green,scrambled_native_ala,2,ASTYCEPFMVKDETNIHASDENTDRLTHEDFIYERPPHAAALYCEIASETNLYVATRTHCEISASEAIWSWAMHECSILL,0.36540625000000004,80
bar_27,Ganja Burn,concordance,-1,CPMNDAAGTGWLILGPSYVPPNAAAGHIIYFGIATGAVFVASILGPPCCKHIQGSSVREHWHPKCDPNVWLATLHIIPKFDIATGA,0.317424,86
bar_27,Ganja Burn,native_ala,-1,YAAGATTAHAVEREALSKILLGATTAWARKFARTHATIFITSREALLYYAARPASSIANWAALDYAAGIVETHEWARLDFARTHAT,,86
bar_27,Ganja Burn,scrambled_concordance,0,LGSHPLYPIIGSWIFGALFPDKLTCTCADIVFVHCPHIGNVGIANGMKGSWVVKPAPAAAAIPTDPPIIATGEANRSQHYWHAGCL,0.3217711598746082,86
bar_27,Ganja Burn,scrambled_concordance,1,PGIIAHGCTSTSRITNPPLPSLWIWGPGSKQPVWNCVVAANYKTFIHGICHAEDPKAMGVCYHPAPAGLILIFLIADGGVAAHADF,0.3445924764890282,86
bar_27,Ganja Burn,scrambled_concordance,2,PIAIKGSFAVANGCHCEHATVAYVWWVPLDTADLPPGPIPAKHPRTYAGSLWMISFDHPNILGNHLIGCSCFVTIAGPIAGIAQGK,0.3223667711598746,86
bar_27,Ganja Burn,scrambled_native_ala,0,ATVIVSRLAAHAFFTDAHDRAAAWYAHARTNIKAAELLATAPRLTRWGTAEAHYATSLTKALESRISITWETLRAGYIEAAYAAFG,0.3967518796992482,86
bar_27,Ganja Burn,scrambled_native_ala,1,TAWATYETAHLYDLRYPRAKRHARHIFTTLTIGNIWARAAASLGEAYVTATAAAFAFHSELKDALAWVIARILAAASERAETAGST,0.47980451127819546,86
bar_27,Ganja Burn,scrambled_native_ala,2,ARAETAWVLRLTTASYWRGKTKEALAFSAAHNTAALLAALTITIHRAAFAYGTYIAPATGRDADYEHRIAIRTSWAALEAAFVEHS,0.5503759398496241,86
bar_32,Barbie Dangerous,concordance,-1,PNPYVEPVYLLWLICKLSVNELIFGWLDNSLFIHEAIQHELPAASATLHTMSHTDSAICEGQFVPKGEQATLIHGIEVLKKPPSRILHSPIVSL,0.361967,94
bar_32,Barbie Dangerous,native_ala,-1,LAAKINLIKEEVERYDESIGNERFAVEMASEFRANTRAWNEATTATHEWHASWHASTRYNAAAILDANATHERAARAIEDALLSCREWSLAASE,,94
bar_32,Barbie Dangerous,scrambled_concordance,0,LIYLRIVVQPGLCYEQEIPLKAVWHMLAEAPHLSSSHPEAQVLLHVKTAELGIPKSEFIPHDWNAPIIKIFDCHELSSFVPLNSLINTTTLGSG,0.3607994579945799,94
bar_32,Barbie Dangerous,scrambled_concordance,1,CTLEDAHEEHAHKPVPQEVYADTLISTFLTAWSPILISLPISLNAVGLEGHVEPPSVSWFKSMHQLINICNISELIALPLLFIYKQRPHLGGKV,0.4836856368563686,94
bar_32,Barbie Dangerous,scrambled_concordance,2,HIGPQDALFLKPLCIPCVNLWLKLQPRFLHTEDSVVSVLKTWKPAVHSISAVLQATLHYEEHPPPINSIIEIHSYENTLFAGGILEMGSILSEA,0.3419647696476965,94
bar_32,Barbie Dangerous,scrambled_native_ala,0,WMAHTESESEATEENRANADEAREAAWLYNAHFYLWTAAETVEAISRWAFNAEKVITERNERIHDAAKSSAADLLATCNHSLLSGIARRAAEIR,0.702680965147453,94
bar_32,Barbie Dangerous,scrambled_native_ala,1,AWLRRTHEHSAEAHAWATALIRLEAWTDAKATDLAFEECSWENVAANRDNRSINVTEHLTMESSAIYRKEAENLRAEFNAAAIIESAGAEYARS,0.40238605898123325,94
bar_32,Barbie Dangerous,scrambled_native_ala,2,SACNTWKAEAEVSSLRSREHAEATAHLATAERILNADIIRFAASNYRDSWNEEMRISAKARTERAAGYWLTENALTHENDAEELHAWAVEIAFA,0.4245576407506702,94
bar_34,Roger That,concordance,-1,VDVEATLRKPPGIKNILLERCIEPILGKVEATLNMASNDAATLTGPPCHLLEYVRYSAIVRYTIAILGAVEATLRPYARTRPDLSEEVNNGVSCTRAIVRYVEVIHTGAFPNHFPYHAVNTALIATGEATLKVRYVEATLWNAA,0.330116,144
bar_34,Roger That,native_ala,-1,IMINTHECALLARDGREENCARNAREADINTHEGATSGATTHEHALLAWEENKICKSTRICKARTREATINTHECLATCHCAMEANNIGGAISYAATRICKINARWHATFLAWFLAWTIGHTERTHANTHEDICKINTHEAATT,,144
bar_34,Roger That,scrambled_concordance,0,LRLPKVETTADTHSYWEGLVNDRERGRTTPHENKLTEHNTINGVIALEPLLNLLIIAACSSHVCAAVIANPLFPIAPAIAIYLGEAAVNTVVYRAVRYTYTTRCDAVRAKPTLRYGEFELIYRAPGVAPSVTGANVMAIKLEEV,0.3750720720720721,144
bar_34,Roger That,scrambled_concordance,1,LKYIVLPAKRTAIPYVVPLTYTEATLADGLLLIRVPTCARIWYAHHSMPEINTVFGERLVPANNHANDVLAGTTTEYLIESAHTYASCGRVVVVNVRLGRIENNAIEPSELPGIVPIKFVRAEECTARTTLAYNRLKEAAAGDA,0.29300000000000004,144
bar_34,Roger That,scrambled_concordance,2,WAEVLTSVYGNEEHARYMANTKNIREIGLPATLPVNNALILNRTTYEIVIRAYPYHIYTIKVVIHKLRDGTPLRSCVTVLKGAPAFGSDCLCRAEHPNTTVAATALIGELAAAEVLVVYTGAIDARTPVPSELREAPLVEFNRA,0.2909189189189189,144
bar_34,Roger That,scrambled_native_ala,0,LEHEKNAREAHAHTCANIMETLRRNAWCETNCAITHTEAHENTEENHIALCAAELAFWGFSHIYKTAKIETRRIANHACTTITCDKAHKAASTEMNLNTWLGGDTANITWTICRTAHRACIRRLGEATCRNASIDTIAIAGGHE,0.3128980322003578,144
bar_34,Roger That,scrambled_native_ala,1,CKAITAETEFACTAAIIATCNIHHICATGTHIEFLAEAETTGNAILMITRHIANCDAACNRHTRENKNTAWEETAINACARWGWNIRTARCTGAHLHSTSALLRAEAIRTRGKNRDEWLHTDNSALGYTACEMHHEKINEEHKT,0.315438282647585,144
bar_34,Roger That,scrambled_native_ala,2,TRTIHTATTKENITKNNACAAHAMTSGEARIDIEEAEARWAGRNWAERDENIIAMYGTCEAARLKNAHNFKGHCRLHHCALEHSNIHSNTCWLRGECTAAICEITNHWNHGRIEITEKARADACTATLALTFTCAITLATETIH,0.2972182468694097,144
bar_35,Bust Down Barbiana,concordance,-1,LLEVTGEGATYGAGEGPVARTVRLLEGKIEEGTLSRILGDVENDCNSWLIEDLEAAQEVYGAGECGCWMPHIYPVYLEVRYVEKHSAVPPCQDAGRYCGEGAEYLLQVAMVARTCKRHGRYCGEG,0.271069,125
bar_35,Bust Down Barbiana,native_ala,-1,AENIHANATAKATANAAITCHIAEENADANNAHESCREAMINGMYGAVERNMENTAANIKATANYAYAALAAKLIKENICKINAWSTILLYAATACKYANATAKEEPITAITCHYAAWACKYANA,,125
bar_35,Bust Down Barbiana,scrambled_concordance,0,ELGGPGEIYRIAVNVTDTAGLYWQNGLYLDHGGLEIEVVEGCEVRGEILLARKVLGYDPYEPRAERAQLAVREAGSCQGGMVMVSYAKEPRCCYELHCSVGRTDEEVPHATECGLKTACGAGWEY,0.27764150943396226,125
bar_35,Bust Down Barbiana,scrambled_concordance,1,LLATLSEALNRGLLALECADNTCDALVAEGIWVIEYASRHGPYKAVCCGLGVGYCEYDPEEIVTGGEGGVELRMAYGQPCHVHETEEEDEYSCVGVGRPVEPWMGGYTLQRKRGAKAERRYIGVQ,0.3117714884696017,125
bar_35,Bust Down Barbiana,scrambled_concordance,2,HMRCADNGCGEVHSMEATAVEIGRVNTQCYGQPAVRCTGGPHGCACTAELGLEDLGGRDLVVSALGYEYKCKPKVESLGAAEVAWLGYGRYRGLARDEVPLGYGEYVEIVEIPTQLRELWEYEIE,0.27556603773584903,125
bar_35,Bust Down Barbiana,scrambled_native_ala,0,MNANNAEMTALCATIHANTKSDYTSNENAIKATAANYNAAEKLMALTEALRYAAAEGNAIEHVAIWAAYAAKCINKGTKAAKKHTAHENAAENAIWACIAAEICYYIYAINRAACCPTNAAINET,0.40247844827586204,125
bar_35,Bust Down Barbiana,scrambled_native_ala,1,EAWLAHEWTKYALAEAIIYLAYATAANNICKEYAAYENGANANHAHCITTDEPNTCTALNCIIAAEKANIAKMAAYIKEITTCTEKSAYNENAVTSGANIMAAAAAACAKNRKNRHAANAMIANA,0.4079741379310345,125
bar_35,Bust Down Barbiana,scrambled_native_ala,2,ARKAWNNVAAAAAMHAEEMYIESAAHTNCKGEAEKAYHNIPYKCEYAIDGINALTNNNRITAENALAACKIATAHKAYYAKANSTCAAITLNAEYIAATNAKTAAIECAAANCWTMLITAIENNA,0.43151939655172417,125
bar_36,Runaway (Film),concordance,-1,VGVEAELWLIPHSLEIEGCAKGDEVKWETGKVAVGVEAELWLISAIVYLPTAATLCRGEAGWLIGNLHTGAVGGAALKETSMVFSTLTGAVENALPPKGATVARTAKPLAVANYEVK,0.304659,117
bar_36,Runaway (Film),native_ala,-1,IAINTNEVERLASENANAATDAMNIDANHADITIAINTNEVERSTRIKEAATTHEYCANTAVERAGEWHATIAATTEDNAAAIFSHEHATINGTELLDATAITCHTALETITGAAAA,,117
bar_36,Runaway (Film),scrambled_concordance,0,GGGGAKSAAEWVVEAGLAYAAGVALNTAVALCPELNPLTPEVALTWGHETVIAAALIGVRLMEEGRVTIGECSLAGAKSVIVLVAKEIYSLKTKDEWTHPGEWTKAGVVLFLKTPEN,0.38134502923976604,117
bar_36,Runaway (Film),scrambled_concordance,1,LKLAKKLVAEVPTSSADVETLHEEAMIEIGNIEIVNWILAAPLTAVAYTAVGGVEFSPKLTGGGGWGLKYVEAVEAANALLGKVATWCGAWSPLREGCREVTVLEKALAGGTTHVPA,0.3629590643274854,117
bar_36,Runaway (Film),scrambled_concordance,2,PEVPAAVTVPYNDAKETGELGNGGLAAKVIWAGAAIFSSMKLSGWEEEVAVVKGRAATCAIWLKATGPKTLRGIEVTVVAAHYIGEGEAWHPALLCSEVVAKLLVLLLNGLGETTTE,0.3030760233918129,117
bar_36,Runaway (Film),scrambled_native_ala,0,TTIANANVTSNVTTGYWIMTGRDIEETLEEARAHEEVTNDCIKANNIARTNDDNATAHTLERHIATTNHFIAAHEAEAAILLSAGIEAANAEIIECTNASAAATAAATAETITAHAD,0.5496279069767442,117
bar_36,Runaway (Film),scrambled_native_ala,1,THAEETRAINTTADRNENAEREITTECGIEYHIWDETNAIHADATTNAASAATLEEAMISHTADCTADTLINHNEHGAAKAAAALAIANNFIISETAIIAATNVETTTVVANAALGR,0.33510465116279065,117
bar_36,Runaway (Film),scrambled_native_ala,2,NTDAEERTTTHAHRSTETVLANEEAYNEWGAIEVTINDNNTFIAVEAHTDSSAAAIAAENITAGNELAAGAANADIADITTIRALNANATTIHIILHTCIKTAATCAMAAETEHRAE,0.2799651162790697,117
bar_38,Haterade,concordance,-1,ATVSVELNSLSDDAALGPPNFDCRIVAVRSKEEACRQFLLPSAFQVKPSNYTVHVKVKVAPVYYTGHVARGDLANQGSSHTLEVSGVKVAHLRGEKDKLNVAVKTEAELLKECRILKVACLSVDLQVRPVFYTQHVILQVA,0.282972,141
bar_38,Haterade,native_ala,-1,THISANEGAESAATTAALLAFMYCRITICSDANTYAAFEELSTAPIDLAAKHAWIDIDITLAAKHAWITCAMETAPASSWHENISAIDITWECANDADEAITIDANTNEEDNACREDITYESIMEPICLAAKHAWIREPIT,,141
bar_38,Haterade,scrambled_concordance,0,YSVAVRECPGELAAVVRIPQFQLKAVPVYVGHAARPDQRQQCAEYSHQHNSKVLLLDRLKKACEEGDLRKIAHLSFFVANVTEDSVVCTEFLDAVVEKASLTTVRGVSVLPSVASLNKTDKVHGNLLPIAKVSVYTGLKVN,0.35100646352723913,141
bar_38,Haterade,scrambled_concordance,1,NQPQHTVQLVAASNGNLTLLKARKHKVDGQSSYRARSSVARLAYYECVGLAFVYLCTLKEGHLEHPSKALIGVLSKVDHRKILANAVSPVEDPFVAVEGFTRARCQEVLELKNTIVFPADSVLTKQEPVVDSDVVCVKAVV,0.31535549399815327,141
bar_38,Haterade,scrambled_concordance,2,GDKLVVQKVNAYSLLLVVAHKLKGKEVDLPKSLHHAVVEAGFSSRAVRRAHSNVNVFETVLQDAVLAADYNAPTNGTQQKTIEPSIALERFGAVEVKCLDPRVKLRGTEFQVLEASVCSSAPYVPVKILLVYCSVHTRQDC,0.32632502308402583,141
bar_38,Haterade,scrambled_native_ala,0,IEEDIASACINHDKACAPAFNECAMTTSAETANTSCITNATAIIYLLSAIIIEMCSWRSIDATEEAYIEPAAANDAIAHTIAAHEDLTNAIDEHIPATSYLAWDENRTAIDAWTATFIKCDSMHWRGDWATAEELKLEPAI,0.38496744186046516,141
bar_38,Haterade,scrambled_native_ala,1,PEDAWFHLNTSIADEHCLAKEWYNHTKIATAIASTPSAEDICAELTEASLADDIICAFTTCTGIKTSTRAANNAMACARLESWIAEDLAAANTAEDEIATIDSNWDENETPITMRWEIYHICYIHDAAIIAPIIAASMEAA,0.34708837209302323,141
bar_38,Haterade,scrambled_native_ala,2,SPIYDDIIPTNGWADIITMCTFTASTLDAHMDPIIHRLIANAIATWKIEEKIADETWAEKAIEIMETISHDEAYAAELNREIATHICSNASCTDAAECTAAYASSAAAEWTWNDINLRLTANISACTLEAAEHPCDAAFAE,0.3521674418604651,141
bar_39,The Crying Game,concordance,-1,VDRHSAGSDSVWLYCEGAWILEAARGCSLVTGALCGESARGQSLVHGEEGNLASSDLIELAIVDVAGALCGVYERHVASTGIKVYEEHVAVEAVDVKGALCG,0.285288,102
bar_39,The Crying Game,native_ala,-1,IMAASTAAASIVEAYNATARENATCAASEIHATEYANATCAASEIWANNAGETSAMEANETAIMITATEYAIKNAWITSHARDIKNAWITINTIMIDATEYA,,102
bar_39,The Crying Game,scrambled_concordance,0,EDLCAERDLIAAWTCVEKVEGVRVLVAGVLGLYAVAGSCEAISCGIVGGVSLCASLGEHQASTDHDYGELWHGEIVGSASLGAVADRLYAESASHKRVGEVN,0.2929483695652174,102
bar_39,The Crying Game,scrambled_concordance,1,QESERGIWYLVHGSAGAVCVDWGCHSNGVAGVLLSALDHVGVAGDAERAGSIEKLEKCSCAVLAAEEYGSVAVCSDLVITRHLDGEEASVEIYTGLALRGAV,0.3233559782608696,102
bar_39,The Crying Game,scrambled_concordance,2,AGKSVLIARSLLCAECVAVSVGAVDSVLGNVHDAELARLAWSKVHIYELSGAEHRGRGVGCEVVSTVAEAALGGQLHDYDASGTCYICIELGEAWDGSVEEG,0.31220108695652177,102
bar_39,The Crying Game,scrambled_native_ala,0,CDYDTETIESARMMAANNHMTTTTWNAYATVIEYASNHSENIAIWWAKIKATAITAETEAAEAIYITAEAAAETGIAAEARSANAMSAANANIICAISTNIA,0.42316976127320954,102
bar_39,The Crying Game,scrambled_native_ala,1,SARNYIITCEDASATCANSMATDATTTEWAEKIANISAAAARAATAEAASIITATYYANWSEAATMIATENAAETEHIYNMNEWAAIMEVKNANIAIITIGH,0.3269628647214854,102
bar_39,The Crying Game,scrambled_native_ala,2,AAAAAAIMYARNEVASIANEEAIAAAEAIGIAMNTARCMAWTNIMNIKIEYTYTTSNTDDAIAYATISIINEENETNSAHAAWWAAATSTACSHTKEIATET,0.35842175066313,102
bar_40,Warning,concordance,-1,HTGACYYATVEYGPPATLNIPESVSFKIAHDQCATLKDSIFLHDPILSHAVEELHCNIYGEKVFLLKLDRCIICRTVRYLEVDGPPGMHNADCNILLEEGTDLNSASFDLFGAMARTSVEATLYVARTLE,0.270378,130
bar_40,Warning,native_ala,-1,WHATYAATHINKALLTHEGAANSISFARTWAAYTHEDAARFEWMAREAATINNEWYARKANDIFEEDEMCARRYCHICKENIMALLAAAATMYGREENNAHMEGATSAMEFATATCHSINTHEKITCHEN,,130
bar_40,Warning,scrambled_concordance,0,GSHRSLPPVAFLGDPIEPFEKCHVRGDSAYVAGMASLYLECLFNAISENLTLCLIHCASDLVERAETDVERFEFYIHKHLKLGINYYLREQASTCYTAIHNLPIDLMTATTKEDAVCDTGINPVALTVDG,0.3565873015873016,130
bar_40,Warning,scrambled_concordance,1,ARIVPVYAHYGPGVKDSIHLRRITYLSLAAEDDSTLCTFLQMFAEDISDKEMKLTGNTGLFNRKPIELPCNNTDGHLYSVEACHLNAEIALEFATGTSEVCPLPFSHYYEIAVDLVGCAALDLERIVCTH,0.2792063492063492,130
bar_40,Warning,scrambled_concordance,2,NSKIMASRELHICGGKVEVYPLDCDLTAICPIVRLTVDALADSDRTVMDHGPFECCFEGEAYLAKILIHYTVFQLPSLTPSLGLAKDDAAGAIEEHYYRSGHNRLCETAHIVETTSVYLNNPNTAEFLFL,0.28243055555555563,130
bar_40,Warning,scrambled_native_ala,0,MKNAARINKDNAYYEYAAFARACDCRSWAAMLEAWWGMETHKLEMFSTAFELGETTYIHAHNNGTLNTCNTACATATIEKEHHRYAWIAHCNSRTHEAIIEMAFIARSATTRAAHAEINAMEHNEEDEAA,0.3524830261881668,130
bar_40,Warning,scrambled_native_ala,1,NTETFATRDACSRLTCAYETAERANKAWHNAIEAEAAHSREEAWNAYEKYAMNHTAFYAETTGMWATADRFNMCLMLIKHNMHAAELTTANAHIEEYANHEAWIGHHCAIIEARADMTGIRSSFANKECI,0.41789524733268674,130
bar_40,Warning,scrambled_native_ala,2,RRARHAETMTAAAANCAAILYEAFHYEADEDNYAATRHSACNAMLTETICGATAISTTKEMIHAATEAETEMNLWIKNEMNAENATEWICNAASFIRHNIHEKSEGWYLHADCMYRTKFGAAHNFWHAER,0.40143549951503393,130
bar_41,Roman’s Revenge,concordance,-1,VSATVSATLATGEYSATGAVNLAFRIQDAAVECLNYVARTLSYEVSVADCFGYPAATGAGPPQFCFWQVARTLSNNELSTLNPKWLSLEAGATGEYCIMEVALCRSPVAAPLTKEDHVDGHIGQCDMIRMFFVEHVATGVRH,0.267033,142
bar_41,Roman’s Revenge,native_ala,-1,ISTHISTHETHANKSTHATIGETFARPATTINYAAAITCHESANISITMYFAALTTHATALLAFYAAAITCHESGANESHAALDVESENTATHANKYAANATEYAALITTLEHANAWIMAWRAPYAARCAFFINWITHAAAW,,142
bar_41,Roman’s Revenge,scrambled_concordance,0,RMENVKAFYQCRCYTEGHFVAANDEEMLSWLQAVVSNLHSPQCFEGLGSTTQECAAIAVVPCLPGLSTGGVIRAHSDVLADVVTYIVPAYCRAEAALIVPKLPGERAVLTMSFFATTGDYTDFGNNGEASTWHAAASRVLAT,0.30335834896810504,142
bar_41,Roman’s Revenge,scrambled_concordance,1,AACKRDYTAFHSHAFDSPSLQVEWVAMEDPRGEGFFMQFNAAAPVWLNRANVLGEDAIPCQLAEYVVGGCAILVNDAYVSTETPESVGCAETALVFRLTLAYGTCSQLAHKTTICPLAMGVAGSVSYGSNELHVRATVTRIT,0.2754878048780488,142
bar_41,Roman’s Revenge,scrambled_concordance,2,PIAVLQAALFHIECVVTNTVTVGPRQLYFARNAAEWDVLHSATCAGEPRALHNTEYPFKAGGTVAHSVCPAACTRMVATSTQVFDRLAPRDVECCMNTGVMWLYSASKFGAISLDEGYGSDEASNLTVGAEGLSIQVAFYEL,0.273499061913696,142
bar_41,Roman’s Revenge,scrambled_native_ala,0,FANEIDIYRTHAAHAAANITHITIISAAAAEAAHFTGANRKEAIATVTLILFAHTETCSATASARWENACTIFSTYYMAHTHNIAYAIHAAPSTCANPMATYWWANTTGAEATAYNHTSAETAFLSAAWLNEAIKHTHELSL,0.3329537037037037,142
bar_41,Roman’s Revenge,scrambled_native_ala,1,ASLYNAWAIHHITNNSINAHYSNCTLLILSATTANTLTAAMITERTAYEIWGVTHTASNTTPCASFSHAAAMATHIAWETSEIAYEEHEANTAAAHPFAAAGKFWTEATAAAAIFYKATNRAIAARLCIYEHADHATATHFI,0.26885185185185184,142
bar_41,Roman’s Revenge,scrambled_native_ala,2,YEANTIKAIEYLPIPRANESNAFTTSWAAALFTADAATHAATRTEAAAAHIYGCNAIIVWAHGAATHHYANTAMAAIINSAWTIITAAEATNSACHTTHKHTTLETTRFTSFANHFAIYEACHLELNWAASHTYAAMSIESL,0.28735185185185186,142
bar_42,Endless Fashion,concordance,-1,GCELWLEVFDCEGDLHGSEGAGPVLEFEECMPWVARTLSSAVPPRHNPKEARTVERTLRYDLATGASHPIKALRTGELPATLCGVEAEHATVENASSLLNVARTLSEEAWRTGEELPVEDL,0.309985,121
bar_42,Endless Fashion,native_ala,-1,AYAEVENIFMYNAMEWASNATALIENANNYAAAITCHESSTILLCAALDNTCHINCHECKMETHATSWARDTACHANELTHEYAINTNATHINGTASEEAITCHESANTVCHANNELINME,,121
bar_42,Endless Fashion,scrambled_concordance,0,GLCFAFEENCPTGAILDEVEENLGALVSNDERWEEGLPTVSPLVTAGTEERSAALTWLSTWASHELPLEASTRRPRPLLEKAGPETEPAAGAGERVCKHVHLHVDLAVREMLSVGYEDCRT,0.30153513513513513,121
bar_42,Endless Fashion,scrambled_concordance,1,ACFELAEEHSEAEVVPGRHVEPRDVLMLWYTKGATRTEVSASWPTGEREEAPAGAVGTPATSCDKLEFTRPLTELETGPNADLESVRHCRNLLVWIRAALPASVGNESGGHCELELELLLD,0.3076,121
bar_42,Endless Fashion,scrambled_concordance,2,ERLAHSRNHAAVDMDPPLSSETPGLTLGGESELLAATHAILLPARCTPFTERCCAPGAVLEFLTKVYENGTVKVLDREEVALPSESVGREELAPHDWELCTRENEAVEGALEGWVTGRSWE,0.3356324324324324,121
bar_42,Endless Fashion,scrambled_native_ala,0,TGATIKIDNALALNYCVECASATDHNANETAAICLHMCIETNHNSTYMNTYAICEWENAAHNLHEACETALHYANCITLIRAIECNEITHAEMMAAASWENEFENATTHANSHSAVETNNS,0.31749457700650763,121
bar_42,Endless Fashion,scrambled_native_ala,1,NNCSEAKTNWLVADNYNCNECLSTASRAMIAHASAINASTTAIAEAANLTYECETENHNYNEHHETEANSDEAINTLHMVEALIHINLAAECMTHMNAYTGEEFCTTCHAITAIWIAANHC,0.3386984815618221,121
bar_42,Endless Fashion,scrambled_native_ala,2,YTSCNCITLAADWANIIANAAANWNNNNTCANTEELAENAIKCHATESHAENHSYTNTAYNLINTEEMETAETYGHCANAEHACIHDASELNEILVEAIMHETRITCSALSVACAMHTMHF,0.31048806941431667,121
bar_43,Fallin 4 U,concordance,-1,CQQGAACNVWLDLATLNNEFGRYHTLETLSGCRDRYVAIGRYNLEPFFSGFLACATVEYVENKRACAYPGALPCCICFGEKYRVVWLWEATGARGPDFPLHATLDNCGPTGSACNCGPATLDHGEADLFGRLNHAATLD,0.276563,139
bar_43,Fallin 4 U,native_ala,-1,YAPATTYGIVEMETHEGANAACKWHENHESAYCACKITAACKGANAFFSAFETYTHINKINAAATYAALATELYAAAAANDKCIIAEANTHATCALMFLEATHEMGYALHASTYGYALTHEMWANTMEFACEAATTHEM,,139
bar_43,Fallin 4 U,scrambled_concordance,0,YPANGCGCLWDARCCLWLLAVTLASFEDVHGAFCCLYLNGNRPAYFELPGLTNTVPINGETTQCHVNTSGALRDQTYCGAEFLRPGSANGLYHEEAECAAGARRYFVAALDIGVLTNPDGTREGLRWFCHADCKAKDPF,0.30151600753295665,139
bar_43,Fallin 4 U,scrambled_concordance,1,KSTGCCLLTSAANELIAFLFDRFETDLALAFDFFACNGGGLLFYTREIDALPPYEELGCWVGLPVCTWLWAEGNGHQRACGGATNGTCGRTDCVEEYKSNRNAHPDHDVRAHYLCNATLPYNRLVQVAACPYRGCGAPA,0.3007815442561205,139
bar_43,Fallin 4 U,scrambled_concordance,2,FTTYAFAACCLKFPRGDGGDLTCNHLLNPAGADSLGELCYQCGIAGTNRNEYEEGYTTFAARVSNGTADLEAGRWRQDHLRCEALFCLALVDGNWCLPCDNPCCHESFNVGWALPLFATRVGETPRYVALVKIGPYAHA,0.28191148775894537,139
bar_43,Fallin 4 U,scrambled_native_ala,0,EGKEAAATAEATAACAACTAIHATAWECTETHCYYNAEEAFIICMFSACAGLNAFLYHPNMNHYSAGTAKVETHIAAMAAHFTHTKGAMTYLAFHWYHLATAATGYTNENAASTMAANMYEIAKTECLNEDEAYEIAKL,0.3597044804575787,139
bar_43,Fallin 4 U,scrambled_native_ala,1,AALLLNACADFASSAAAYHIAAAMITVNYTEFTMAAYECYLAYENTAETEEIWTAHATKNAMKAMSAPTGLNLCAKYNATACHHYCETEEFHEAMEGGHTCTAAATAAEFAEGHFTNWMCIKHTIYKGAYEIHAAAATN,0.31701620591039087,139
bar_43,Fallin 4 U,scrambled_native_ala,2,SHAHATAAHKAKMFFEAAYHETAIHTCLWGMEIHTHYAMTATAEKIACAYTNKAYAAYNAAVYAECCYGGAAAIAHAANCAEEDNGAHELGELSMAMTNTAAFFFCAPWYTLTIAKETEMTTSNYINAEELTATELCNA,0.29775023832221165,139
bar_46,Barbie Goin Bad,concordance,-1,CKPYERHIGKVYGPILGKCAIVLKATYPGRYPGPPGIVASGPPNPIKRGHSLHTLECAKGPLNLEKHTLECRQPLNLEKGICCPHSTVELELDGAALIHTGA,0.313796,102
bar_46,Barbie Goin Bad,native_ala,-1,YAAKNAWRADIAALREADYTRIEDTAALACKAALLAAITSALLGAADCAASEWHENYAAALEGENDWHENYAALEGENDARYYAASHINENAMATTERWHAT,,102
bar_46,Barbie Goin Bad,scrambled_concordance,0,EYAIELLIIYEPHNHNQGRPLGGSGLRLPCVNKALYAPHKCERCPPGGLLKIKVPHCEETAPCGPHIIIPLKLGTASCGSALTGKDTVKPTGPGEARLKYVH,0.3090837696335078,102
bar_46,Barbie Goin Bad,scrambled_concordance,1,IEPPNLPLTPLLKLCDHKRHIRLQLIYKKIGGITAEPKTPGEHIAVHLPCGACRYKAGKNGVPAEGKYLPCLAGNCGECGVPEVTGHSITHGSRYLEAPPSL,0.3092670157068063,102
bar_46,Barbie Goin Bad,scrambled_concordance,2,IDGPYLILGKAKRNGGGPRYHGPNAEPSKLEYKCGALHEKIPTLSEVIHTVYLCALPPCLIRLLPQSCEHGTHRCLVPCEIGITLKHKNVATPPAKPAGEGG,0.30149214659685863,102
bar_46,Barbie Goin Bad,scrambled_native_ala,0,HSLEANAHAANDAAGAAERAYARHKATRMEDTEGLAEEAATIHSAAWACSWEAWAYIKYIYAAALNEACLDDLDWRTRALLNDALYNGTAIYANEAAETAEN,0.4837340153452685,102
bar_46,Barbie Goin Bad,scrambled_native_ala,1,ACSEYYKLEHDRRRHNLITAAWEALDAEWNAAGAAAWLNETERAILHMNLDAYDGWTNDAAENAAAGAAAELHYLATREECATAANAKDISTEAYAYAISAA,0.4168286445012788,102
bar_46,Barbie Goin Bad,scrambled_native_ala,2,AEGTAAANYHTHNAAAEYDHKLGLTDDNELNAADHESSEARWDAARAYAKLCYSWAWMIAAAIYTIEAENDELLCNARLYTWEERGTAAANLAARAEAAAIA,0.38223785166240404,102
bar_47,Just The Memories,concordance,-1,PTRYGAGPPATLSTVAATGACGPPATILHGADLGEKVELWLIKVQQLKNILGALSAFLDGPLIGQQLIALLWLIPVWLGEKATGASIEDCYVK,0.40043,93
bar_47,Just The Memories,native_ala,-1,LAAKATALLTHESHITTHATYALLTHREWATMEANDINEVERDIPPEDGREATESTFEMALERAPPERTAEVERLIVEANDTHATSANMYKID,,93
bar_47,Just The Memories,scrambled_concordance,0,DAWLGYLGLVLKALEAAHYQLLKVVALPIPLAWICGEFPITIIPLEKGTAWKPDLIQQTLGGTPCGDTEGAVASLPRGSLVTQNSALGGKIAA,0.3486822840409956,93
bar_47,Just The Memories,scrambled_concordance,1,APDLLLTPGLLTGQAVAVPWHIADAVKGSLVAYNLPCTFKLPEKAELGQGCTTGPSWLPEDAAGVRLAQGAYGLLELKIISQWIKTIAGGLII,0.30250366032210835,93
bar_47,Just The Memories,scrambled_concordance,2,PLGIQNQIALAGGGAGSALKVWKVAEWYTLLVQLPEGIEPGLYTSSPLLIALFHLVAAGVTTLPEADTTPAGDCAQLIKCKLPKLGDGIRAIW,0.34209370424597363,93
bar_47,Just The Memories,scrambled_native_ala,0,VLEEEIPVHDATLEAASSIAYETNTAGAAAERLRAHAITTDERLPTEVATTNELHDTRPAPLLWKIEMHADEEHFNYKNRMTDSAREMAITTE,0.45339261285909715,93
bar_47,Just The Memories,scrambled_native_ala,1,VETEPLNIDENALLRTAKTTIEEIHIERYVAGAETTFHKYAALDTLMHEAANSTIASRPEDRTEMELHNLPDSAAETARAEMAPHATEDTWRV,0.4616552667578659,93
bar_47,Just The Memories,scrambled_native_ala,2,RARTRHKEAESKAARNIDLENETTTAALMTEEHEHPTMEAPATSTDETHVGARAETNNEAWDASATLLYALYELRLIFVIVDIMTAEHIPEPD,0.4493023255813953,93
bar_49,Fly,concordance,-1,GSLGFYPPFFSTGIYSGEKATLCGPPSDLPPQPKYKATLCSAGIARLDVEGEKVSAGIAIVSVEDVSAFLSCIQIVSVEVDKQSASDIDVSVEVHVEATIVWLSRGITVNTLITVNTLITVNTLIDNILFVIL,0.304571,133
bar_49,Fly,native_ala,-1,ASEAFALLAFSHARKSANDTHEYALLSMELLALAADTHEYSTARTCAMINANDISTARTRISINMASTAESARPRISINIMAASTSARMISINIWINTHRIVESAARHIGHERHIGHERHIGHERMAREFIRE,,133
bar_49,Fly,scrambled_concordance,0,LLCPITNESIPAPQDCVGSLITASENIGTGREVLSIVPSTIAGQFFSAKKIGGKYDESLVSSILVAKVTEILAILFDIDGPLVVVAVENYVVTSETTQFIFGDVDLLHNCVVWSAGDITPVASPVILSTKSRY,0.284732052578362,133
bar_49,Fly,scrambled_concordance,1,LVLLTNGVVFLYIASSWVGQISAPPEPIVPGTLLDVNKETSVKDNSPDVEFLVSEDSVCITYLVAFAGYLGGTCSKPSDRIPIFSIVKVSAISVEVGTVELTNDIAAIQQLDGSAHITIIKRAITFEVTCSLG,0.28812942366026295,133
bar_49,Fly,scrambled_concordance,2,VIPRVFSILIGILKVADSARQHKSTTSATILEGLNITGFLIATPVDSDNVGPDVCDLVPYTVATEAFGLVNKIECIEGIYLGVWSGTTVFDTASSPFVDEASLSICQKYAIVKLVIESQISVPLSVNLGVESP,0.2806167846309403,133
bar_49,Fly,scrambled_native_ala,0,HTTNSESRSTYAMATHRNREDASSEANIIAEAMAEHAIIRIKFMAEHNAISETYAICERLINSLIAASAARSIAISIHLHHRADSAEFITMRNRILTHSPGTAHLRGARSALVLMNEGIFRHWRDEMISAART,0.3937824831568816,133
bar_49,Fly,scrambled_native_ala,1,FIAVENIIHESLSPRHTAHRIGRAATSLDRLHNARYIMEACARARSANMIHAIATNASLASEGIESRKLIAARHGTEMEILISMRTYSEASTEHMASTARWNENADEFTRHLIRIAHIAASTHRSDFASNIIM,0.33554379210779595,133
bar_49,Fly,scrambled_native_ala,2,IRLRNEASLTETASSNNIKTTEMGAPSEHHHAIAEFAMNASFSIRAIDIEAGTMILSRRSESVARAIWLIGTIRSIYSLANHRHNYANHASASHAAIETLIRDARTRACLITIIEDHAAMRARMAHSHEFERM,0.36354186717998077,133
bar_52,New York Minute (Remix),concordance,-1,EVHGPPATLYVKSHGEAGEVRYVDVEGYYSSYSGNWVARTVWLWLLETIASVERLDCQGIATGKGEVNLGNPSHQVEYWDPWYSATLSLPVARTLSGILSDPGS,0.324309,104
bar_52,New York Minute (Remix),native_ala,-1,NAWALLTHEKIDSWANTANICKIMINAAAAAKAAGAITCHIVEAEENHATSINCEMYPARTHADAAIGAAGLAWPINKVALVASTHESEAITCHESAREAAAAS,,104
bar_52,New York Minute (Remix),scrambled_concordance,0,EWPTYLLPKGELRISDSLQAYSGEEVNERNWGYARGVDVGLLIVVPYASYTSGLVVIGTWSKELSHPAGSALSWGYLGVSATDTEGAHPVQVDEVSNPRCTWHY,0.26233910891089113,104
bar_52,New York Minute (Remix),scrambled_concordance,1,TDVPLCEVTNLSSHGIAGPLGSQRATGQIHYLYVRLANSEVPEDEWSRVGGAVYYPVWLGPEASYTSDPLTWLWGAIGAHVSKLGKSGDVEYVSRTENLWYSEV,0.3280321782178217,104
bar_52,New York Minute (Remix),scrambled_concordance,2,GPLLLSIASPCRREVVNWASGASTSYSEGLDDNLQPHGGTIRETTWEAEVPHSDGYVAGIYYRVESWKLGTTLPVLGSEEYVLPGQANAGWWVYVKSYVVDSLH,0.2801980198019802,104
bar_52,New York Minute (Remix),scrambled_native_ala,0,TAGKMGASKVKCMWHANASIDEEANARASYPIATSICAATTECADHLIPHALSAIEAAHWNEILAAIAEACANGRHSEAAKNNIAIHATIETANTAEAALAVVW,0.35493368700265254,104
bar_52,New York Minute (Remix),scrambled_native_ala,1,APSSIHCAWASAEATKADGMNLCAVKHSIAAALTPTEAVNEAEINAHTKWNIEINHHGAALTDSANCIGKVWAYEAMAEATRASHANREIAAIAALICAAIEAT,0.36002652519893896,104
bar_52,New York Minute (Remix),scrambled_native_ala,2,CAIWIIAEEMRAANVAATAENSHAEILSCLEHTPIKAAADGAAEIAKASAADATIANGTAKNWHSSAVHIAKSGAEVANRTYPAHCTAELTIAAINALNCMWEH,0.3935941644562334,104
bar_53,Want Some More,concordance,-1,HTCATLFWRYVNEAAGSGCVAATPCTMEVNNGSKREAYEKHVACLAFEFACGPPAVPRTKNHEGEGCDLVENMLACNWDCSEEETAVDCQSAETASTKHVENCLAHIVSAVRCPFAVAGVEASENHVENCLA,0.294392,132
bar_53,Want Some More,native_ala,-1,WHYTHEFACKIGATTASAYITTHAYAANIGGASDANTKNAWITYETFAATAALLTAACHDAWNANAAAEINGAETYAAMYSANAATIMAASTNATSHAWINGYETWRISTICYAATITAINTSNAWINGYET,,132
bar_53,Want Some More,scrambled_concordance,0,REWCLENAEVVDVWNANAAFAYCHCHHATVRASNAIAEVVAPGAAAKTKSSTSEGMEKTNGVDDNVTEVCEAHREVCLMENRPLAKFCCAHTHFGLSPCTAGCEQNLEEGPCLGPVVCAANCEEYTSVAFSE,0.2938022426095821,132
bar_53,Want Some More,scrambled_concordance,1,GEAEECKPLKSHEVCVAPNHPNCLDWEGNTEKNDEVAAFETEAARAREPLQSVVAYTFCECAEGSNCVAEFMNVHNHPSTGWGDSACTSACACCTETINVNLVRETYGAKCSACAFGVHVELVAARVALMHA,0.2807441386340469,132
bar_53,Want Some More,scrambled_concordance,2,EANRHEKWASVDELRAAEELDYNQLMAVCSSEGCTAHEMAPKGYHNNALTFETAAVATCVVCGNFEAANSWTCRENCCEEPPVTVTFHVSFGGAPATACVRCIGNVVKPACLACNCVVHEKEGEHLSAAEDS,0.29131498470948014,132
bar_53,Want Some More,scrambled_native_ala,0,ATAANAIATHADLAITTNAYELHGEIGATAEYYGSTTNAFTANTANMSRGAEATAMGAYKTSIHTANTNSTWKAWAEWSIAESGWCTIWAIATAFITNYIACCAAADNAIIYYHTAYAWYANANAITAHNST,0.293052738336714,132
bar_53,Want Some More,scrambled_native_ala,1,AMANNAYATASAATTNTHNDSIWTAAAANAASNHTETSATYAYTAYAYAAKTYTWSAAEEEHWNAEHATTCTIKAYSTGWNARIIIEWITFTGMIAGGDATTCYINIAAGNLAAIAACWSLIYTFHGAIANN,0.29029411764705887,132
bar_53,Want Some More,scrambled_native_ala,2,SSATMNAYAAISIIIATNASSSIDATNCWCCAAGEIAEIAAAANAATGWANLAWEKTTGAFEASHAWETTDYYAHTYLTYTTYNIAYATAAANINHYGNWTMKATGTAGWNTHAAHIITNAATIARNTYFEA,0.3224543610547667,132
bar_55,Girl on Fire (Inferno Version),concordance,-1,ALPPVEDLAIRSDLHVATTLIWEKLIELGATDCRKDFRIALIGEKSTLEINKNTAGNPEHVATTLIQVPPSGEKSTDLITDHVATTLIAKIYDLSEATLPGPRVECALPPVEDLAKETDQHVATTLI,0.338972,127
bar_55,Girl on Fire (Inferno Version),native_ala,-1,TELLINMETACAMEWITHHERANDERNEATHMYCAMFARTERANDSHEARAAGHTAGANWITHHERPILLSANDSAMERAMWITHHERTAAKMEANTHEAALCANYTELLINMETAAAMPWITHHER,,127
bar_55,Girl on Fire (Inferno Version),scrambled_concordance,0,QANATTEELITGLLEAAEIPVTAKLPELPVVIGVDIAADEEFPIVRIAKPTLDTGKLPPQIDIHALAAHTRNEYKLTADVDLEEWCPLVSGTCLSGTDDRTALTRLLHVKSENKHSITISDTKTLIP,0.33759336099585063,127
bar_55,Girl on Fire (Inferno Version),scrambled_concordance,1,LDEQLAEKHHKNHLSLITKVIIACIVDDQATGVWEPDTNTDRLTASSKLFYTADTGGVLPSGRAILNLPAIPATAIELDRTPRGSPLEVPIEEEATDPAVVLCPKLTVTLEKIHATTATELIEIDKL,0.31221991701244817,127
bar_55,Girl on Fire (Inferno Version),scrambled_concordance,2,ESSIFRITYDELEALIWTEPLIHEAGAEHLLETIPKPLCDTKEETDDTDQIALTERDGDLAQCLVLNLITLAETHNSIRAGAKLPIPKKTIPVTDLKVSTRSVAAAGVDVVTLPHLAAVIPGKPTTN,0.36511410788381743,127
bar_55,Girl on Fire (Inferno Version),scrambled_native_ala,0,TEEDMTNALWESAINAARMSAHHAMEMLKTYETEGIDHRIHEEATSNLCANENMMIAAWHTLEEAYAMRNAAAAHDTECARHTITRELRNTWAAMENPHAACATHLHAAEHFPMHRWTNIGERLIRT,0.4476679841897233,127
bar_55,Girl on Fire (Inferno Version),scrambled_native_ala,1,RADREIANWTNCCKAHDITIWELTAAHRIAHEPARAANATAAREINEAMHGEAWARTLAHGACTALETSEATHLFANWEEMMNEMTLLAHTENLHEDHIERAIEMHMTMARHNRMYSSNHMYPAETT,0.3749407114624506,127
bar_55,Girl on Fire (Inferno Version),scrambled_native_ala,2,HNHDLEEHRTAEEMWANMNAAERHTEFEIAHRGAMLETETHWHEEEHSISGTLLRTCCNNNWRMAAIRIPAARTCTAYTYHATAAHMNHDDRLIATWILNPLITMTAKMMASEENAAAARAEMAAHE,0.3507509881422925,127
bar_58,Can Anybody Hear Me?,concordance,-1,FKATLCDGCDLVPPELWLIHVEDGCYLVDSLAAPVERGEAPLAATLKLWVPVEVDGRHDVRGHLYTLIVVELDAAHTLEATLHVEAPEHSVDSTDGIVPCE,0.326594,101
bar_58,Can Anybody Hear Me?,native_ala,-1,AATHEYMAYAEILLNEVERWINMAYAEIMSETTLINCANTLETTHEDEVILINIMACAMICAAAKHERAINEAATWHENTHEWINALAWSIMSAMARILYN,,101
bar_58,Can Anybody Hear Me?,scrambled_concordance,0,EAGGADLSDPTAVVLDVIHVLKLTEHHGVYAGDDVEPPRAKVHTCTVPSGELPACTTDLLLLPAELAVVHIVRFIWCCSVEEDDAVEALLLWHRDELPGEY,0.33314285714285713,101
bar_58,Can Anybody Hear Me?,scrambled_concordance,1,VWVPHVSLADAVLVLAGDETDVPLHPPPFEEGEYIVTVELLPSDAHELHHLKEVGAARCAWDRLDARLTDSVHELLVITGVLIPKEYACAVCDCGETLGTD,0.35736363636363633,101
bar_58,Can Anybody Hear Me?,scrambled_concordance,2,KVDHCVEVPEKLCLWLVHVDHDPCEGGGVAFPWDPVVTVLLALICPERSYVLGEETVDHSLLRYAIPADDVLETDVGGADATELHSHILATAELAPRLTEA,0.3332077922077922,101
bar_58,Can Anybody Hear Me?,scrambled_native_ala,0,REAITIAAKIAIMHLLYAHNENAEMAVAIATIEEEAANAMECNNATRINITSTHIEWVLNSHYCALILALHYMEETWLTTNYRAEDAEEMCAMNWSIAMIW,0.40083541147132173,101
bar_58,Can Anybody Hear Me?,scrambled_native_ala,1,ENHNAWNHLWASVMRTECEIMAIEMNANVSACALIWMALHANSIENTWETHALTYIALMKTNEETYRTAIIANAAALMEEAEAIAAITRMYHYLIDEICEI,0.3777057356608479,101
bar_58,Can Anybody Hear Me?,scrambled_native_ala,2,IWEAACNLLWMATHANIHMRNIINYHAANHAEAYIWIEAELCVEEIRHEVDEYAAMEENSETNAMTILNCTIAWTKTIIANAMASMEAMYLRALLTTASEI,0.592992518703242,101
bar_67,Grand Piano,concordance,-1,ATLSELHTERGDLAKAGYLRPGVDKFATVSTLGIARKPKTLGIALKSTGDLCPMPPILDGVEYTSAGFIGDLVEATLKGIY,0.372404,81
bar_67,Grand Piano,native_ala,-1,THEANEWHACAMETATAKECLAIMAFTHISHEARTCALDHEARTEDSHAMEYAALLREMAINAASTAFRAMEINTHEDARK,,81
bar_67,Grand Piano,scrambled_concordance,0,TYHTMFTAKRALYSGGAKLLYGRVPGLDKGIAGITVAFVDLVDGALSRLIKPEGTPETLTLGSCAPDTSLEKIGKALPEDI,0.30223154362416105,81
bar_67,Grand Piano,scrambled_concordance,1,FISVVIEALTMTAVLATDEAPGLLLGEKLVGGACAKSKIPYKDTGGGLIDHGSLEPLKDPLYTLGTTDSFRPARRGIYKTA,0.3383053691275168,81
bar_67,Grand Piano,scrambled_concordance,2,KLLGVSKATEGTRRPHLFLISRTPEKGYSPGDCLILDILKEGTGAYMDAPFEVLIGLLITKASDTKAGAPTAYGTVLAVDG,0.39610738255033556,81
bar_67,Grand Piano,scrambled_native_ala,0,SMHEMARHEDFYDALTLTINTEEERAAWAELCIRNHHEIMNTCEHATMRLAAEAASATAAHKISAEADMTKFRCAAAAHTE,0.6867567567567568,81
bar_67,Grand Piano,scrambled_native_ala,1,LAAEENHAADKAACHRLMNRRETSTDMHAHIAAAEIRRDFEALKIAHASSWMETTAETCNEMLECTAMFEAAHTIAEYHAT,0.6357233704292528,81
bar_67,Grand Piano,scrambled_native_ala,2,ILTISCAHCRNESRAHRAHAFELAMLMTAAALIDDMANAWAFTETARARKESEAAEETDEAYEMHTMTECTAHANEHAHIK,0.6387758346581877,81
bar_68,Right By My Side,concordance,-1,HGVASTPLADLSLLCVDIQTLELRGPSLGPPATLDHVARTLSVSIGRTLAGEKKKEAPLADLNLAVEDCAIYRYRGTSLGPPATLDMVARTLSPPRGARTVA,0.334089,102
bar_68,Right By My Side,native_ala,-1,WAITAHLETMESEEYAARPHANECAASEALLTHEMAITCHESISRACHETANDDANTLETMEGETINMYTRACKCAASEALLTHEMAITCHESLLCATCHIT,,102
bar_68,Right By My Side,scrambled_concordance,0,LIDESPVKRAPAGHLVSYSTKTMGARRAANIPLCARLATAPGQPLGALDLIAGTSGGYVVDPRTPVEDLPRLGLDLTLLKLCATEHLDLAATEVRPRSTSVS,0.34666219839142093,102
bar_68,Right By My Side,scrambled_concordance,1,VYRAEVEKPRDRTAAAHCLLPVPITPTGAKTPLLLAPPVVAVDTMDDSRTVLPCLLGRSRALGLTTLLGIYALDGTLGSASHELSLARADAGQESPRGISNK,0.37270777479892764,102
bar_68,Right By My Side,scrambled_concordance,2,VIVRLEGSALCTSPLDLTQALDGPVLTCTSANASRAGLGGAALSRALPHAKHGLKLPELAATILADRAVGLYGRSPMDPITRYETRPLTSPVDVKPVRLETD,0.3240348525469169,102
bar_68,Right By My Side,scrambled_native_ala,0,SIEAHTAWISCCMMAENETEARTESCEHSCHLMYAEACAEEKTLYAANEAPRGTTTRDSCTCNAEALIEALTMIHADHEMEIALETSLALNCTHHAAILTTH,0.3479118028534371,102
bar_68,Right By My Side,scrambled_native_ala,1,AASIILAYAHNCARRMTCLAMCHCKCISAGNEHECTTENLEASLAMLPTELENECHAATTEAHHAEWTAIEEMHETHLAALYDIEAITSCEAMSRDTTETST,0.5020363164721141,102
bar_68,Right By My Side,scrambled_native_ala,2,RLERINMLTECLTATKADSRCIEAAHMTEAEHTCTCALAINAATWMLAELHPADEYHALEAECTGETCINLASHMEHESMEHITSSATCSTEAHIAACYETN,0.34149156939040204,102
bar_71,You Already Know,concordance,-1,VYLLQGCGIPVYLLSRDVHGEAGYGPPHTLILATLELASNIVDRESAGNLCIWRGESAGEKHTLILATLNFLSASNKWVARTLSVSDCSPESATLCKQEAHGEEGPLGWLATLELSAATHYNT,0.278288,123
bar_71,You Already Know,native_ala,-1,IKEEPAAARLIKEESCAIWANTAAALLWHERETHENETSGAIMANSTAGEYAACANSTANDWHERETHEGAESTSGAAITCHESISMYSANSTHEYDANTWANNALEAVETHENESTTHAAGH,,123
bar_71,You Already Know,scrambled_concordance,0,VNTELEASAELLVCGDHANLLAINCLQLRPVIAHPNPSVSYSISPTRAETEGSTSGEEWGTSVLRGRCGKPWGLLIELETYSYGGAANILGLKDELSTLSAHLHHAYGLADTCKQWLFLAVAT,0.3154918918918919,123
bar_71,You Already Know,scrambled_concordance,1,EAELSSLFAGLDTGPAWARYLNLLLAQLLHALSPTTLHSSGLYEVLTYAESEPAQLKLTISYVWGWVTAEEDTNCCHDVSVPPISSGILCKEGSCVTHHALGRELNEGNIGNILAGGARKTRA,0.31887567567567565,123
bar_71,You Already Know,scrambled_concordance,2,SVEWLLSELLRTLIGKGGAAGKGSTSYNTHSPCILALAASEQTGADLLVLLTLFRPRECLLHVELGAKCHAVGCTNAEPAHGRQEALLGYTSLIGTSNVEWWTDSPYAVNELIEPASSINDHY,0.2825945945945946,123
bar_71,You Already Know,scrambled_native_ala,0,ANAACETHNETENALEVALELEASAEAESSTHRPDSTAITADTNSSENNASERHTEEEESGWEEAHSMISANLASAHETYMGNYKNINCHATIIAHGIATKWTTARHEAAWACYAAHTGGAWE,0.3573978494623656,123
bar_71,You Already Know,scrambled_native_ala,1,STSEGEGESKELALEHMAWWTCAIHHWHEANENALIHAISHNSDIENDASNTKWGSAAREATEYATSSAATNTCNNSAMGHTEEAARCEAAAIHYAAEPYTLNTAAETVSARNTTEAGEHEIE,0.4036666666666666,123
bar_71,You Already Know,scrambled_native_ala,2,AINENTESATSSDSIGEATHERNNHTSAAANTANAESRAAWCEHIEKNNNYAAAAAEHAASSGEAWATGEEATHTWYLTKPERSMALATSAWSLTEMCTCGAIHHLEYNADEIEIEVEHTHEG,0.34581720430107526,123
bar_73,I Admit,concordance,-1,NMGNGVESADLHTLILCVWISWVRVKLPLAALIEVARTHGEEGYVPPATLCSLPFATLEVPLATLISVKEGSTLSGCVASNKAVDLVNLATLIASPKATGAHVARTCWHKPHEHTLEVDLATLI,0.295386,124
bar_73,I Admit,native_ala,-1,GAAGAINSTMEWHEREYAARSAICIDELETTERAITCHWANNAKILLTHEYSELFTHENILETHERSAANASHESAYITSGATIMEIGETHERTALDTHATAITCHAAWDAWNWHENIMETHER,,124
bar_73,I Admit,scrambled_concordance,0,CILVSISWMKTVVAHRPTEKNVAVLSGAVLVARGKTDLPLPLVCLLTTVKSEAAWESHKHPASTGLHTELAVEIPADSCAAGIDVNLNGTLLLGLCLVRALAEHPFGATNEILSEIYTTVWPHA,0.30132177681473454,124
bar_73,I Admit,scrambled_concordance,1,CTLVTHNYHAGEECAIKTVHDVITAVTSVLLHGAAENTAKLVLLIGALDWFAMIKTDRGSPSLKPAAAPLTHVECLAVLRICSWAGLITVGVNSPPLEELLRAVELHTSSPTWKNVVGLLSAEP,0.3696858071505959,124
bar_73,I Admit,scrambled_concordance,2,LGADPEFVLLLATEDGASWLKAPHVWAGHSLLTAARTRVNEASMNGKKVELHDIVKIPIAPLYVCKLATLEVGWVGECPLTNICHSSEVETAPATTVAVCLLGSSAHVLLNTSPHTVLTRIILA,0.300249187432286,124
bar_73,I Admit,scrambled_native_ala,0,HEYLTTAEGEESGITEAEAHFALNTSATTLRRAHCASIAIACGATENHATWSLELWNENMTAEWTIAWIHTIHTLDEHAKHEASAICYESHRTEIMDHAMDIENTEESRINTRANYARIWHAGE,0.3743147208121828,124
bar_73,I Admit,scrambled_native_ala,1,ATILHSMHTARRGIEWHRDIAIILATLEDNIDSAEIINTATARWHIEIIHTEAEAYTCHTRNHHSTECEEAGEGAENKEACTEWEAAHTEHNSYASTHSTASTLEFNEANRALWMAGWLYMTAE,0.3508121827411167,124
bar_73,I Admit,scrambled_native_ala,2,WHAILDYYTTNWASENIGAMIANNMAAESILAEHNSHARTNIHAEGATITSAAHCHMAEAELLRHSTTTIGEEEHRYTFDLTAICTHAETRISWWTTALCAHATEENEEEEIRDEISHKERWGA,0.273258883248731,124
bar_75,FEFE,concordance,-1,KTEAFDRYHVATQLEQPLFEIMLVENGMAVSAVRVESALGKQIQWLCKRIHIIATEVRYVSMRYEEATVSKVRYSRIICVFDCERADGYLSCSQRTAYLNTAELPIVKVWLINLERLVSEAGNFYL,0.293409,126
bar_75,FEFE,native_ala,-1,DANTFACKWITHPEAPLEFARAEINGAATISTICINSTEADPRAVEYAARWARTHNICKISACKANTHISDICKSARRYIFMYNATMAKESYAACHAKEAATNEARADIVERGENCEISNTAAAKE,,126
bar_75,FEFE,scrambled_concordance,0,YQITQRVALRLEIFFSRWSVEGFILAISKDEYVNESVPYYLPWCKKKNIANCDLATAVAYVEESALFMRLTRERSLKEGVEQLVAVYMCRSRMEQEILATVERAQGVRVNHLADGTITHLSYIIVC,0.34844422700587085,126
bar_75,FEFE,scrambled_concordance,1,TFLTLKIIVIESYGWRIQGALVSAGFVVVHKMPIADRGNEERNQTIAYCYVCLVEEWARQFRKAQYEFESTAQVLCSSRMSHVEEVTNEMVRDYEIPLCYNIILARRELVKVTALKSADLRALYLS,0.2930234833659491,126
bar_75,FEFE,scrambled_concordance,2,KCRELEGQRLCTVPALVWAEYKDALALAFSRAKSASEIVVRLLIQSFNYSTVFWRSYYTRGYPFYAECMIIIQEVQVARVQKGSNNLIGIDIRLASEREMVLTKVETHYIVTAEMHRLENDCVELV,0.29791585127201564,126
bar_75,FEFE,scrambled_native_ala,0,AGHIAREANIANCSTEFEISRKSSYDHKIMKTAAVYSTKCERNFRTAKNDISINFATITEAWAETGDCARANENPLRECTAWIIAIEAHTSIRVAAAETYAAAKIMRAEYPACANDCAAPHENKAC,0.31101659751037347,126
bar_75,FEFE,scrambled_native_ala,1,ECAEININDFYRTRAPNTKSRNAGNTIKTTANIYAASAACCEARIFAAMDAEYKCHASTHIESNAGLKAEAAAEIDKSTIIAAHPNITETRWYDEAASACAECNKETAEPIVRHMKACSIVARRFW,0.30630705394190866,126
bar_75,FEFE,scrambled_native_ala,2,ALTHKASVKFAADCPEPHTIIKATMNRNHEEARERSTNFACANDDAANKVSAIYRESEHNPDCREAKRWKSAESCMANIETTAAAYTTTAWIRTEIACAIKYIEACYANEAIGIGRFCAIASANAI,0.3464004149377593,126
bar_77,Moment 4 Life,concordance,-1,DGEATVSSTAAATGAHLFLFVNTAVENKWLISEVIILPLWGEAVGELWLEILDLDFLIATEVHGSQIIPPCTLPPGYLEAPLASNR,0.365135,86
bar_77,Moment 4 Life,native_ala,-1,MANTHISSHTTTHATWEAEFIGHTINGAVERSAIRRELEVANTIANEVENREMEMAERTHAIWASPRALLYHELLAAENTLETSGA,,86
bar_77,Moment 4 Life,scrambled_concordance,0,LELPTVPLLHGANGIATIEGCGALKDRFNTDSTASLHVAWPSEAPIYAEETWILLVLEAVLTVIIGAFVGWSFLIDPLENEQSAPL,0.5253987730061349,86
bar_77,Moment 4 Life,scrambled_concordance,1,KVLHWLIPADTTLANLGILFGNPLALEWLSIIELPGDESVLPFLTTAIDNFSIAREGSEGEVTEISLAAWVPACGHEVTYPQAVAL,0.3340030674846626,86
bar_77,Moment 4 Life,scrambled_concordance,2,LFHGEAAVHLTPVNSPEDGIENGTFTAARLQETSAPLLATWSPAVAISNGLDIKYAVSILLCAELLPELFVWGIVEIGLTEPIDLW,0.34203987730061347,86
bar_77,Moment 4 Life,scrambled_native_ala,0,TIMEATIERPFEEAIVANSLAANNTIGALHESIMMRAINSVHAESHRAAEENATVHEAGRELTHRATELREYLHTTNESATLGWTW,0.7277529761904761,86
bar_77,Moment 4 Life,scrambled_native_ala,1,AHEALEHTASHFIRLLGHEANLWIMGTEANAYETHPMAVTENEARNETSELVATESITEANRAAGHIAVLNTEASRRIITERWTSM,0.36889880952380955,86
bar_77,Moment 4 Life,scrambled_native_ala,2,AMAEEHREARSMNEAISSHEEISWEAHHSLTHVINYRATTAGLGWAAVTERAGEENILLLRTNNFITIHTATLVNEEPTMTARAAE,0.3742410714285714,86
bar_78,Shooters (Demo Remix),concordance,-1,VDEFAFIMDAIVEVKGKEYAFIGDKLAITVASTDAATLFQRYMQVFCNQHGEAADLFQPFVAGQLISTESDVEKSAGALVSEACNFITHDKICETWLWLRYDLGIGQWLISVIENFADDIIS,0.334552,122
bar_78,Shooters (Demo Remix),native_ala,-1,IMNATFRAMTRINIDADNATFRAMDETRAITSHATTHEFACKAPIFYAAWANTTAEAPLAITAPERSANSMINDSTATEISNTYAARHAMARYAAVEAECAMEARAPVERSIANAFTAMARS,,122
bar_78,Shooters (Demo Remix),scrambled_concordance,0,AALSFQDIVCDTLIAVDELEALQALKKAGAATGDEGIKLAVIKMPYAVQERWIITAFNSTVDISVSHARKNETIGINFLIYECTHLFWDEVDWFFSQDSQFVYLISAGDGEDEAFGCIFMVQ,0.2889237199582027,122
bar_78,Shooters (Demo Remix),scrambled_concordance,1,LIAELAYYLVEQEKEFTFICGFQIPAISVQADRFIIKVTLADKDLAWIGMVQGNVETADQISVDAFRVASGEDKFGAMILHCIYTENSIFDGELQCTEWSFSADTWDLLFDIAKVAVGSNHA,0.30990595611285265,122
bar_78,Shooters (Demo Remix),scrambled_concordance,2,QGDDAAFSGQIFCAAECEKTKCTLVFQRQDARNIVLILIENIALIVSMIHDFVLLGKDADDGEYLGEAVSESQDIWDFYQIGEFPMVTILETFGHVKASLTIAVSWEVSFAIWANAFKAYTD,0.289717868338558,122
bar_78,Shooters (Demo Remix),scrambled_native_ala,0,AEATISAFAATPAATDNNSEAMMRTAATTDSWAMARPASAKASTLAAIENEPACAYAHIAFFHYTEDIYIANRIHARRIDFEESVAVIFMRNCNARAATNATSRTIAMMRRTMAANTTAPEE,0.3384581976112921,122
bar_78,Shooters (Demo Remix),scrambled_native_ala,1,DACTIEPAMTTTAYARNTFARMTRAEITHAERAAEDIIATHDAVTPNACARKADPPNAERASMSAREIMALANAINYAEMAFEERNTAAWIMTSASAAARASSMFTAFITVARNSTIAFYNH,0.3727904451682953,122
bar_78,Shooters (Demo Remix),scrambled_native_ala,2,AAEARARDINTATAFEADAFPAKITANEMYTRATCISMSSRIFMEIIRTHSFMDEMAVCARATTRSRIEASINWATTAANPAANTATFVSPENEAAYMLHMNAPIEAAAHDAARRATAYTNA,0.37412595005428884,122
bar_80,Save Me,concordance,-1,VKIEWLFEIDVPLSPISAASFVEKCINGEKFVEKDCSLPFGPPATLSLSRILGDSGPPATLSLWIVRLSVEDCTLGKCDFNGWLDLSAILENATNGWLDLTTQLFFIGPVFLAVDLVELWLIHGSSGAVSFVLK,0.26977,134
bar_80,Save Me,native_ala,-1,IDRAVEFARMILESAASTTAFINDYAAANDFINDMYSELFALLTHESESCREAMSALLTHESEVAICESINMYHEADYAAGAVEMESTRENGTHGAVEMEHAPEFARALIFETIMEINEVERWASSATISFIED,,134
bar_80,Save Me,scrambled_concordance,0,QREPSHLVFLSIWLCSKVLILFKKVSLWLNLWTSGTRALVLPLLVAISSILKAADPSPEVDLTLFCVGFGDKIIGEGSNSECDPFELVNAVLSAITGWSEIAFGAKDEGCPELNGFVGLPPFDLFDTWILSTVD,0.3369096209912536,134
bar_80,Save Me,scrambled_concordance,1,QAVKFLGKVNSLTDDTNLPLDGIRGLAFGFSWSLAPLPGASIDDGNWLPLVTLEVFPSVEIFCFELLWFIPCSHLLWELSSVEDCLCIKPIGIVAFGADLDLVSGVTLNLTKWKEAVKALRSESTFSSVIIPGE,0.2796404275996113,134
bar_80,Save Me,scrambled_concordance,2,DSDTCLLSNLPAAVKNETILEPLVTSVGIITAGPSFLCPDLTAGVVHFEGAIIKGRPWPLWGSFSLCDLGNSLNDSVSLEVEDKSPFWIKDKGLLVFSCLAIDESVWIEQSATGIVRLFLLGAFVFKWPLELLF,0.2753838678328474,134
bar_80,Save Me,scrambled_native_ala,0,CDTLGDHRNIVNSETFNMLAAIADWFDNSILTERYVENSSEIAGVSATHYVAFRAIVFEAASHMMAHEERAFESAAEIEIEYNISALEAAFRLATGAAFEMIEEASEHETTAESCELSDMYPIDSMEILTARME,0.3785057471264368,134
bar_80,Save Me,scrambled_native_ala,1,SEEFVIEAYDWPEFAAVVTDAEIEASSAERCIMALSLIEITLGFTECLSENSEISNRTHATAVTIRHTMIAIDRDGAYAHAMEMNFNADEFIAMMSERRLEYMANEAAIFLSASSSEEFAHENDTHAGEAVLEY,0.34762452107279695,134
bar_80,Save Me,scrambled_native_ala,2,TIREERAASNEIVEFALMDAAEAITLMLSSEFAESAVYEMASYRSSALEHENHCVEIAADAVSTIIYTFAIVTFTTDEAFEGIWMPNCELEEMLNSNDRFAHIEAMIEASGTEAYRDNEESRILHFHADMAGSA,0.36006704980842913,134
