rank,bar_id,genius_song_title,aggregate_iconicity,fasta_seq_len,boltz_ptm,boltz_plddt,boltz_structural_class,boltz_na_ptm,boltz_na_plddt,boltz_na_structural_class,best_ptm,best_plddt,best_class,better_condition,rank_score,hydro_run_conc,hydro_run_na,fasta_seq_concordance,fasta_seq_native_alanine
1,bar_6,I’m The Best,0.7394,88.0,0.30617,0.430266,disordered,0.511871,0.631071,confident_protein_like,0.511871,0.631071,confident_protein_like,native_ala,0.5931368,6,3,LWLICATVENVAIVLKAAALGRTLDATLCNGESLLVAVEAVDLALPPATLDYVARTLSNLAGSAVRYVDKIELPLGKVENATLHPVEK,EVERYTHINGITRIEDTATEACHEMTHEYGANSEEITINTIMETELLTHEMAITCHESGETASTICKIMDANELEADINGTHEALIND
2,bar_32,Barbie Dangerous,0.2685,94.0,0.202967,0.372474,disordered,0.647124,0.676139,confident_protein_like,0.647124,0.676139,confident_protein_like,native_ala,0.5801037,8,5,PNPYVEPVYLLWLICKLSVNELIFGWLDNSLFIHEAIQHELPAASATLHTMSHTDSAICEGQFVPKGEQATLIHGIEVLKKPPSRILHSPIVSL,LAAKINLIKEEVERYDESIGNERFAVEMASEFRANTRAWNEATTATHEWHASWHASTRYNAAAILDANATHERAARAIEDALLSCREWSLAASE
3,bar_3,I Lied,0.8298,84.0,0.263791,0.463089,disordered,0.442557,0.640933,confident_protein_like,0.442557,0.640933,confident_protein_like,native_ala,0.5795184,5,5,CTNKPSAGTLGIAIILGYLIHKEAPLACSWMILGYDVELRHSVPPCLSDGSTVEHVEKQHSGEKRCAAVEATLDYIGYLPVELS,YAAAASTAHEARTAREAKERWANTLETYAAAREAKMINECASILLAESMASHINWINDAWSANDCATTINTHEMARAKELINES
4,bar_8,Moment 4 Life,0.7108,128.0,0.216642,0.376985,disordered,0.427859,0.578531,uncertain_protein_like,0.427859,0.578531,uncertain_protein_like,native_ala,0.5296487999999999,6,6,VHVPPILAVILHVATATLIVENGEKVHVPPILAVILHVATATLRIEHECLSEDVDEMAPFRYCVDLPLSSLKCLSRPGQFRIATLTLGWCHLVNTARTGDQDLASAVRWDPKEAKIVAGPPGPRELHL,IWILLRETIREWITHTHERINGANDIWILLRETIREWITHTHECRAWNYESNAIMNATLACKYIMALESSEDYESCLAPFARTHEHEAVYWEIGHTCHAMPMEAATICAALDNTDAITALLALANEWE
5,bar_0,Super Freaky Girl (Queen Mix),0.9938,88.0,0.269914,0.409652,disordered,0.360732,0.490404,uncertain_protein_like,0.360732,0.490404,uncertain_protein_like,native_ala,0.5262472,5,6,VAIPKTVDVASECFIVLEKSVEATLNGDLCNYGVEAPLGIEATGACLAGPPATLDDIVKNLSCIERGDLYWLIKDEAWYIEATGACLA,ITALDHIMITSNAFRIENDSINTHEGAMEYAAAINTLEARNTHATYETALLTHEMARIDGESYAACAMEAVERDANTAARNTHATYET
6,bar_13,Dear Old Nicki,0.5771,90.0,0.370237,0.452911,disordered,0.480385,0.498747,uncertain_protein_like,0.480385,0.498747,uncertain_protein_like,native_ala,0.5052365999999999,9,6,VAIVLKADRTGEELPCRMVETQQLSATGAVDGCSALLICPPMGRYMCAVASPVYLLWLICVEALISLRAVIEHLMESADVSSLGRTVATG,ITRIEDTACHANNELYAAINHAPESTHATIMAYSTEERYAAAACKAATITSLIKEEVERYINTERSECTIANWEAASTMISSEACHATHA
7,bar_11,Hell Yeah,0.5856,118.0,0.481299,0.46744,uncertain_protein_like,0.265648,0.436304,disordered,0.481299,0.46744,uncertain_protein_like,concordance,0.4980015,6,5,HTLEATLCNAGNGVESAATLYVKVASNYERRSAFMIILGPRGDLSAIGVNTAFISDATLTEHKHVATATLRIRSSGQQLGPATGASHTCATLSLQVNEGDLSHGEEGANSSATLKLGP,WHENTHEYGAAGAINSTTHEKIDITSGANCASTFARREALCAMESTRAIGHTFRAMTHEHAADWITHTHECRASSAPPEALTHATSWHYTHESEAIGNAMESWANNATASSTHEDEAL
8,bar_77,Moment 4 Life,0.1187,86.0,0.236043,0.387206,disordered,0.487123,0.691217,confident_protein_like,0.487123,0.691217,confident_protein_like,native_ala,0.47466659999999994,5,4,DGEATVSSTAAATGAHLFLFVNTAVENKWLISEVIILPLWGEAVGELWLEILDLDFLIATEVHGSQIIPPCTLPPGYLEAPLASNR,MANTHISSHTTTHATWEAEFIGHTINGAVERSAIRRELEVANTIANEVENREMEMAERTHAIWASPRALLYHELLAAENTLETSGA
9,bar_27,Ganja Burn,0.3307,86.0,0.441869,0.624391,confident_protein_like,0.257767,0.461912,disordered,0.441869,0.624391,confident_protein_like,concordance,0.47439180000000003,5,7,CPMNDAAGTGWLILGPSYVPPNAAAGHIIYFGIATGAVFVASILGPPCCKHIQGSSVREHWHPKCDPNVWLATLHIIPKFDIATGA,YAAGATTAHAVEREALSKILLGATTAWARKFARTHATIFITSREALLYYAARPASSIANWAALDYAAGIVETHEWARLDFARTHAT
10,bar_9,the light is coming,0.7073,82.0,0.351126,0.483205,disordered,0.234129,0.450841,disordered,0.351126,0.483205,disordered,concordance,0.4619845,6,4,GEKLWLICATVENVQLLQLKRGEAMTSACESLLSVQSALGGEKVASFESHLLAILSQLRAFGKNCGPHTLEDVKAELSQLGY,ANDEVERYTHINGIPEEPEDCANTAASTANSEESIPSTEAANDITSANSWEETRESPECTAADGYALWHENMIDANESPEAK
11,bar_17,Love Me Enough,0.4828,121.0,0.414575,0.507332,uncertain_protein_like,0.213336,0.376757,disordered,0.414575,0.507332,uncertain_protein_like,concordance,0.45604710000000004,9,5,FVISAATVENSFVISAGPPDCNVIPSYERHCSWIHKIATSLPFPRWLVSATLNILGALSAPVWLFELGIATRICCACILCLSFPANLAVAIYAVASATLHHISASYAPKWLKKEATFIAEK,FIRSTTHINGSFIRSTALLMYGIRLSKNAWYAARWARTHSELFLAVEISTHEGREATESTLAVEANEARTHCRYYAAREYESAATGETITAATITSTHEWARSTAATLAVEDANTHARTNA
12,bar_46,Barbie Goin Bad,0.2078,102.0,0.20272,0.336408,disordered,0.409778,0.66792,confident_protein_like,0.409778,0.66792,confident_protein_like,native_ala,0.44682499999999997,5,7,CKPYERHIGKVYGPILGKCAIVLKATYPGRYPGPPGIVASGPPNPIKRGHSLHTLECAKGPLNLEKHTLECRQPLNLEKGICCPHSTVELELDGAALIHTGA,YAAKNAWRADIAALREADYTRIEDTAALACKAALLAAITSALLGAADCAASEWHENYAAALEGENDWHENYAALEGENDARYYAASHINENAMATTERWHAT
13,bar_35,Bust Down Barbiana,0.2547,125.0,0.181867,0.343998,disordered,0.467308,0.517255,uncertain_protein_like,0.467308,0.517255,uncertain_protein_like,native_ala,0.43977049999999995,5,8,LLEVTGEGATYGAGEGPVARTVRLLEGKIEEGTLSRILGDVENDCNSWLIEDLEAAQEVYGAGECGCWMPHIYPVYLEVRYVEKHSAVPPCQDAGRYCGEGAEYLLQVAMVARTCKRHGRYCGEG,AENIHANATAKATANAAITCHIAEENADANNAHESCREAMINGMYGAVERNMENTAANIKATANYAYAALAAKLIKENICKINAWSTILLYAATACKYANATAKEEPITAITCHYAAWACKYANA
14,bar_68,Right By My Side,0.1462,102.0,0.387194,0.464282,disordered,0.478382,0.566097,uncertain_protein_like,0.478382,0.566097,uncertain_protein_like,native_ala,0.4382601,4,4,HGVASTPLADLSLLCVDIQTLELRGPSLGPPATLDHVARTLSVSIGRTLAGEKKKEAPLADLNLAVEDCAIYRYRGTSLGPPATLDMVARTLSPPRGARTVA,WAITAHLETMESEEYAARPHANECAASEALLTHEMAITCHESISRACHETANDDANTLETMEGETINMYTRACKCAASEALLTHEMAITCHESLLCATCHIT
15,bar_36,Runaway (Film),0.2503,117.0,0.185957,0.326287,disordered,0.422038,0.581555,confident_protein_like,0.422038,0.581555,confident_protein_like,native_ala,0.43554550000000003,5,5,VGVEAELWLIPHSLEIEGCAKGDEVKWETGKVAVGVEAELWLISAIVYLPTAATLCRGEAGWLIGNLHTGAVGGAALKETSMVFSTLTGAVENALPPKGATVARTAKPLAVANYEVK,IAINTNEVERLASENANAATDAMNIDANHADITIAINTNEVERSTRIKEAATTHEYCANTAVERAGEWHATIAATTEDNAAAIFSHEHATINGTELLDATAITCHTALETITGAAAA
16,bar_47,Just The Memories,0.2052,93.0,0.293679,0.472457,disordered,0.429747,0.553066,uncertain_protein_like,0.429747,0.553066,uncertain_protein_like,native_ala,0.4218333,8,4,PTRYGAGPPATLSTVAATGACGPPATILHGADLGEKVELWLIKVQQLKNILGALSAFLDGPLIGQQLIALLWLIPVWLGEKATGASIEDCYVK,LAAKATALLTHESHITTHATYALLTHREWATMEANDINEVERDIPPEDGREATESTFEMALERAPPERTAEVERLIVEANDTHATSANMYKID
17,bar_42,Endless Fashion,0.2259,121.0,0.246091,0.363046,disordered,0.446169,0.506323,uncertain_protein_like,0.446169,0.506323,uncertain_protein_like,native_ala,0.42016139999999996,3,7,GCELWLEVFDCEGDLHGSEGAGPVLEFEECMPWVARTLSSAVPPRHNPKEARTVERTLRYDLATGASHPIKALRTGELPATLCGVEAEHATVENASSLLNVARTLSEEAWRTGEELPVEDL,AYAEVENIFMYNAMEWASNATALIENANNYAAAITCHESSTILLCAALDNTCHINCHECKMETHATSWARDTACHANELTHEYAINTNATHINGTASEEAITCHESANTVCHANNELINME
18,bar_67,Grand Piano,0.1502,81.0,0.217624,0.422583,disordered,0.435162,0.568163,uncertain_protein_like,0.435162,0.568163,uncertain_protein_like,native_ala,0.4180699,3,7,ATLSELHTERGDLAKAGYLRPGVDKFATVSTLGIARKPKTLGIALKSTGDLCPMPPILDGVEYTSAGFIGDLVEATLKGIY,THEANEWHACAMETATAKECLAIMAFTHISHEARTCALDHEARTEDSHAMEYAALLREMAINAASTAFRAMEINTHEDARK
19,bar_58,Can Anybody Hear Me?,0.1682,101.0,0.2791,0.414585,disordered,0.437505,0.550288,uncertain_protein_like,0.437505,0.550288,uncertain_protein_like,native_ala,0.4174789,4,11,FKATLCDGCDLVPPELWLIHVEDGCYLVDSLAAPVERGEAPLAATLKLWVPVEVDGRHDVRGHLYTLIVVELDAAHTLEATLHVEAPEHSVDSTDGIVPCE,AATHEYMAYAEILLNEVERWINMAYAEIMSETTLINCANTLETTHEDEVILINIMACAMICAAAKHERAINEAATWHENTHEWINALAWSIMSAMARILYN
20,bar_52,New York Minute (Remix),0.1845,104.0,0.277893,0.402783,disordered,0.439066,0.525716,uncertain_protein_like,0.439066,0.525716,uncertain_protein_like,native_ala,0.4141478,6,5,EVHGPPATLYVKSHGEAGEVRYVDVEGYYSSYSGNWVARTVWLWLLETIASVERLDCQGIATGKGEVNLGNPSHQVEYWDPWYSATLSLPVARTLSGILSDPGS,NAWALLTHEKIDSWANTANICKIMINAAAAAKAAGAITCHIVEAEENHATSINCEMYPARTHADAAIGAAGLAWPINKVALVASTHESEAITCHESAREAAAAS
21,bar_23,Miami,0.3955,117.0,0.183412,0.335042,disordered,0.386009,0.465421,uncertain_protein_like,0.386009,0.465421,uncertain_protein_like,native_ala,0.4117308,4,5,VKLEAELWLIRPVMKLSQWRAATLCYEPHHTAATLRPVMKLVSFGSAPVAAPLIVARTLSKYAEFRYSISLVDATLMSVRYLSADQIAGPYEDFGAEVEYGEVRYVHTECGQVRYVS,IDANTNEVERCLIQAEAPAATTHEYKNAWWHATHECLIQAEISFASTLITTLEAITCHESAATAFCAARSEIMTHEQAICKESTMARTALKAMAATNINAANICKIWHAYAPICKIS
22,bar_38,Haterade,0.2407,141.0,0.435422,0.474386,uncertain_protein_like,0.287578,0.372057,disordered,0.435422,0.474386,uncertain_protein_like,concordance,0.4081668,4,9,ATVSVELNSLSDDAALGPPNFDCRIVAVRSKEEACRQFLLPSAFQVKPSNYTVHVKVKVAPVYYTGHVARGDLANQGSSHTLEVSGVKVAHLRGEKDKLNVAVKTEAELLKECRILKVACLSVDLQVRPVFYTQHVILQVA,THISANEGAESAATTAALLAFMYCRITICSDANTYAAFEELSTAPIDLAAKHAWIDIDITLAAKHAWITCAMETAPASSWHENISAIDITWECANDADEAITIDANTNEEDNACREDITYESIMEPICLAAKHAWIREPIT
23,bar_25,No Flag,0.3698,124.0,0.22502,0.36422,disordered,0.386269,0.463765,uncertain_protein_like,0.386269,0.463765,uncertain_protein_like,native_ala,0.40622400000000003,5,5,SGCATLMFLLEEGDLCSHRGENLASKDLVPPQILSSATGAHLEAIVNTARWLICTPITLGKCNDSTWVPKFLLPQPLSSLKDDSAWLRSLKGPIATFSAGIRTRGCSLATLCSAVPPQILSSLK,SAYTHEQAEENNAMEYAACANGETSAMEILLPRESSTHATWENTRIGHTAVERYAARHEADYAASHAALDFEELALESSEDMASTVEASEDALATAFSTARCHCAASETHEYSTILLPRESSED
24,bar_53,Want Some More,0.1836,132.0,0.419978,0.472363,uncertain_protein_like,0.351929,0.523214,disordered,0.419978,0.523214,uncertain_protein_like,concordance,0.40367319999999995,6,5,HTCATLFWRYVNEAAGSGCVAATPCTMEVNNGSKREAYEKHVACLAFEFACGPPAVPRTKNHEGEGCDLVENMLACNWDCSEEETAVDCQSAETASTKHVENCLAHIVSAVRCPFAVAGVEASENHVENCLA,WHYTHEFACKIGATTASAYITTHAYAANIGGASDANTKNAWITYETFAATAALLTAACHDAWNANAAAEINGAETYAAMYSANAATIMAASTNATSHAWINGYETWRISTICYAATITAINTSNAWINGYET
25,bar_26,Seeing Green,0.3582,80.0,0.37522,0.469821,uncertain_protein_like,0.223486,0.400917,disordered,0.37522,0.469821,uncertain_protein_like,concordance,0.40019630000000006,6,5,ATLSLPVARTLSSAVPPDCSPESHTPRVDPKLWLIKLECVADCQGRYSTVAKVFFLILEAHTPRPFPKLWLISFQQPCVA,THESEAITCHESSTILLMYSANSWHACAALDEVERDENYITMYPACKSHITDIFFERENTWHACAALDEVERSAPPLYIT
26,bar_39,The Crying Game,0.2307,102.0,0.185091,0.336147,disordered,0.380561,0.538799,uncertain_protein_like,0.380561,0.538799,uncertain_protein_like,native_ala,0.39806020000000003,5,4,VDRHSAGSDSVWLYCEGAWILEAARGCSLVTGALCGESARGQSLVHGEEGNLASSDLIELAIVDVAGALCGVYERHVASTGIKVYEEHVAVEAVDVKGALCG,IMAASTAAASIVEAYNATARENATCAASEIHATEYANATCAASEIWANNAGETSAMEANETAIMITATEYAIKNAWITSHARDIKNAWITINTIMIDATEYA
27,bar_40,Warning,0.2273,130.0,0.239462,0.33902,disordered,0.382412,0.516321,uncertain_protein_like,0.382412,0.516321,uncertain_protein_like,native_ala,0.3915623,5,9,HTGACYYATVEYGPPATLNIPESVSFKIAHDQCATLKDSIFLHDPILSHAVEELHCNIYGEKVFLLKLDRCIICRTVRYLEVDGPPGMHNADCNILLEEGTDLNSASFDLFGAMARTSVEATLYVARTLE,WHATYAATHINKALLTHEGAANSISFARTWAAYTHEDAARFEWMAREAATINNEWYARKANDIFEEDEMCARRYCHICKENIMALLAAAATMYGREENNAHMEGATSAMEFATATCHSINTHEKITCHEN
28,bar_34,Roger That,0.2615,144.0,0.389635,0.460528,uncertain_protein_like,0.327167,0.453118,uncertain_protein_like,0.389635,0.460528,uncertain_protein_like,concordance,0.3852759,4,8,VDVEATLRKPPGIKNILLERCIEPILGKVEATLNMASNDAATLTGPPCHLLEYVRYSAIVRYTIAILGAVEATLRPYARTRPDLSEEVNNGVSCTRAIVRYVEVIHTGAFPNHFPYHAVNTALIATGEATLKVRYVEATLWNAA,IMINTHECALLARDGREENCARNAREADINTHEGATSGATTHEHALLAWEENKICKSTRICKARTREATINTHECLATCHCAMEANNIGGAISYAATRICKINARWHATFLAWFLAWTIGHTERTHANTHEDICKINTHEAATT
29,bar_73,I Admit,0.138,124.0,0.227021,0.35004,disordered,0.394838,0.53409,uncertain_protein_like,0.394838,0.53409,uncertain_protein_like,native_ala,0.38524600000000003,7,4,NMGNGVESADLHTLILCVWISWVRVKLPLAALIEVARTHGEEGYVPPATLCSLPFATLEVPLATLISVKEGSTLSGCVASNKAVDLVNLATLIASPKATGAHVARTCWHKPHEHTLEVDLATLI,GAAGAINSTMEWHEREYAARSAICIDELETTERAITCHWANNAKILLTHEYSELFTHENILETHERSAANASHESAYITSGATIMEIGETHERTALDTHATAITCHAAWDAWNWHENIMETHER
30,bar_49,Fly,0.1953,133.0,0.406719,0.417478,uncertain_protein_like,0.234047,0.404228,disordered,0.406719,0.417478,uncertain_protein_like,concordance,0.3676629,6,7,GSLGFYPPFFSTGIYSGEKATLCGPPSDLPPQPKYKATLCSAGIARLDVEGEKVSAGIAIVSVEDVSAFLSCIQIVSVEVDKQSASDIDVSVEVHVEATIVWLSRGITVNTLITVNTLITVNTLIDNILFVIL,ASEAFALLAFSHARKSANDTHEYALLSMELLALAADTHEYSTARTCAMINANDISTARTRISINMASTAESARPRISINIMAASTSARMISINIWINTHRIVESAARHIGHERHIGHERHIGHERMAREFIRE
31,bar_41,Roman’s Revenge,0.2262,142.0,0.246549,0.346078,disordered,0.363804,0.464115,uncertain_protein_like,0.363804,0.464115,uncertain_protein_like,native_ala,0.3663765,4,10,VSATVSATLATGEYSATGAVNLAFRIQDAAVECLNYVARTLSYEVSVADCFGYPAATGAGPPQFCFWQVARTLSNNELSTLNPKWLSLEAGATGEYCIMEVALCRSPVAAPLTKEDHVDGHIGQCDMIRMFFVEHVATGVRH,ISTHISTHETHANKSTHATIGETFARPATTINYAAAITCHESANISITMYFAALTTHATALLAFYAAAITCHESGANESHAALDVESENTATHANKYAANATEYAALITTLEHANAWIMAWRAPYAARCAFFINWITHAAAW
32,bar_43,Fallin 4 U,0.2216,139.0,0.191553,0.3219,disordered,0.371615,0.453784,disordered,0.371615,0.453784,disordered,native_ala,0.36626270000000005,5,7,CQQGAACNVWLDLATLNNEFGRYHTLETLSGCRDRYVAIGRYNLEPFFSGFLACATVEYVENKRACAYPGALPCCICFGEKYRVVWLWEATGARGPDFPLHATLDNCGPTGSACNCGPATLDHGEADLFGRLNHAATLD,YAPATTYGIVEMETHEGANAACKWHENHESAYCACKITAACKGANAFFSAFETYTHINKINAAATYAALATELYAAAAANDKCIIAEANTHATCALMFLEATHEMGYALHASTYGYALTHEMWANTMEFACEAATTHEM
33,bar_55,Girl on Fire (Inferno Version),0.1782,127.0,0.371269,0.480482,disordered,0.19622,0.374742,disordered,0.371269,0.480482,disordered,concordance,0.3654191,4,7,ALPPVEDLAIRSDLHVATTLIWEKLIELGATDCRKDFRIALIGEKSTLEINKNTAGNPEHVATTLIQVPPSGEKSTDLITDHVATTLIAKIYDLSEATLPGPRVECALPPVEDLAKETDQHVATTLI,TELLINMETACAMEWITHHERANDERNEATHMYCAMFARTERANDSHEARAAGHTAGANWITHHERPILLSANDSAMERAMWITHHERTAAKMEANTHEAALCANYTELLINMETAAAMPWITHHER
34,bar_71,You Already Know,0.1394,123.0,0.285136,0.355116,uncertain_protein_like,0.386756,0.465319,uncertain_protein_like,0.386756,0.465319,uncertain_protein_like,native_ala,0.3608537,4,6,VYLLQGCGIPVYLLSRDVHGEAGYGPPHTLILATLELASNIVDRESAGNLCIWRGESAGEKHTLILATLNFLSASNKWVARTLSVSDCSPESATLCKQEAHGEEGPLGWLATLELSAATHYNT,IKEEPAAARLIKEESCAIWANTAAALLWHERETHENETSGAIMANSTAGEYAACANSTANDWHERETHEGAESTSGAAITCHESISMYSANSTHEYDANTWANNALEAVETHENESTTHAAGH
35,bar_75,FEFE,0.1364,126.0,0.281698,0.416843,disordered,0.362772,0.496496,disordered,0.362772,0.496496,disordered,native_ala,0.3576148,5,5,KTEAFDRYHVATQLEQPLFEIMLVENGMAVSAVRVESALGKQIQWLCKRIHIIATEVRYVSMRYEEATVSKVRYSRIICVFDCERADGYLSCSQRTAYLNTAELPIVKVWLINLERLVSEAGNFYL,DANTFACKWITHPEAPLEFARAEINGAATISTICINSTEADPRAVEYAARWARTHNICKISACKANTHISDICKSARRYIFMYNATMAKESYAACHAKEAATNEARADIVERGENCEISNTAAAKE
36,bar_80,Save Me,0.1068,134.0,0.289577,0.335602,uncertain_protein_like,0.35664,0.470468,disordered,0.35664,0.470468,uncertain_protein_like,native_ala,0.34082039999999997,5,5,VKIEWLFEIDVPLSPISAASFVEKCINGEKFVEKDCSLPFGPPATLSLSRILGDSGPPATLSLWIVRLSVEDCTLGKCDFNGWLDLSAILENATNGWLDLTTQLFFIGPVFLAVDLVELWLIHGSSGAVSFVLK,IDRAVEFARMILESAASTTAFINDYAAANDFINDMYSELFALLTHESESCREAMSALLTHESEVAICESINMYHEADYAAGAVEMESTRENGTHGAVEMEHAPEFARALIFETIMEINEVERWASSATISFIED
37,bar_78,Shooters (Demo Remix),0.1186,122.0,0.355028,0.412668,disordered,0.23226,0.430548,disordered,0.355028,0.430548,disordered,concordance,0.33039840000000004,5,7,VDEFAFIMDAIVEVKGKEYAFIGDKLAITVASTDAATLFQRYMQVFCNQHGEAADLFQPFVAGQLISTESDVEKSAGALVSEACNFITHDKICETWLWLRYDLGIGQWLISVIENFADDIIS,IMNATFRAMTRINIDADNATFRAMDETRAITSHATTHEFACKAPIFYAAWANTTAEAPLAITAPERSANSMINDSTATEISNTYAARHAMARYAAVEAECAMEARAPVERSIANAFTAMARS
