rank,group,name,bar_id,bucket,song,album,lyric,sequence,seq_len,boltz_plddt,boltz_ptm,boltz_confidence,composite_score,foldseek_hits,iconicity,rep_raw_tweet,tweet_ids,selection_note
1,A,bar_32_naf_034,bar_32,native_ala_free,Barbie Dangerous,Pink Friday 2 (Gag City PLUTO Edition),"Lookin like every designer fave muse 
Front row next to the who's who's 
Tryna build another Barbie doll screw's loose",LEERLKELEERLKKAEKEHPKIPKGEELKPLLEKVRKAYKAAEEAYKAYLEAKAAAEKGGEAEKKAAEAARKKAEKAIEEAEKAAKEYEKELAK,94,0.9632,0.932,0.957,0.8977,0,0.2685,"Splash in some Burberry rain boots
Looking like EVERY designer fave muse
Front row, next to the who's-who's
Tryna build another Barbie doll, SCREW’S LOOSE 😮‍💨🎀

#NeurodivergentRapLines @NICKIMINAJ 🔥 https://t.co/cLkN0Y5Tw0",2032909468594286952|2032917615530611124,Best MPNN per bar
2,A,bar_8_naf_035,bar_8,native_ala_free,Moment 4 Life,Queen Radio: Volume 1,"I will retire with the ring
And I will retire with the crown, yes
No, I'm not lucky, I'm blessed, yes
Clap for the heavyweight champ, me
But I couldn't do it all alone, we",LREELRERARELLAELAKTLPGLPDLEEVLKELVKKLIEDAKKYYKEGKWEEALRSAAKAVLWLLALEDEEGLKEALKPFEKTPENEELWKNIPKYLADDPFAAACLALELGREETVEELLAEYEARR,128,0.9405,0.9261,0.9376,0.871,0,0.7108,"I will retire with the ring
And I will retire with the crown, yes
No, I'm not lucky, I'm blessed, yes
Clap for the heavyweight champ, me
But I couldn't do it all alone, we 
#NeurodivergentRapLines",2032907624685998517,Best MPNN per bar
3,A,bar_13_naf_040,bar_13,native_ala_free,Dear Old Nicki,Pink Friday (Complete Edition),I TRIED TO CHANNEL YOU IN HOPES THAT I MAY STEER YOU BACK BUT ITS LIKE EVERY INTERSECTION WE JUST MISS EACHOTHA,EKKVKEIAEKAWKLLEASLKDAPASVKAKVDKYKDEKDYKKLAKLAAELAKEAKAAVKKALGAKNDPAVLARYDAVVKEVAKLAKEAENA,90,0.9453,0.9167,0.9396,0.8666,0,0.5771,"@NICKIMINAJ #NeurodivergentRaplines 
I TRIED TO CHANNEL YOU IN HOPES THAT I MAY STEER YOU BACK BUT ITS LIKE EVERY INTERSECTION WE JUST MISS EACHOTHA. 🧠",2032799729801732492,Best MPNN per bar
4,A,bar_0_naf_023,bar_0,native_ala_free,Super Freaky Girl (Queen Mix),Queen Radio: Volume 1,"I told him it’s no friends in the game
You ain’t learn that yet?
All them bridges you came over
Don’t burn that yet",STEAALAALRAAAEETWATASDTREGALAYIELIRQAAGVISGETAEVAAIGERARTAEGGDYRALAEEAWRAANAVGLRRVGRTLDD,88,0.9302,0.9151,0.9271,0.8512,0,0.9938,"#NeurodivergentRapLines

Smart Barbs Get it. Nicki been giving us Neurodivergent Rap lines all along. 🦄🩷

1. Pills N Potions: 
""I tell him there's no friends in the game / You ain't learned that yet / All the bridges you came over / Don't burn that yet / People want respect / https://t.co/AVMFprLgRy",2032637089901117589|2032910452053705110,Best MPNN per bar — iconicity 0.99
5,A,bar_6_naf_021,bar_6,native_ala_free,I’m The Best,Pink Friday (Complete Edition),EVERYTHING I TRIED TO TEACH EM THEY GON SEE IT IN TIME TELL THEM BITCHES GET A STICK IM DONE LEADING THE BLIND,GAAALSDEAIRARVEEEAEKLTAAYVKEHGPENAEAFRAETLERLLRIALLARECVLTGKSPEEVAAEEGVEHLVAEIAAERERLLTA,88,0.9506,0.8945,0.9394,0.8503,0,0.7394,EVERYTHING I TRIED TO TEACH EM THEY GON SEE IT IN TIME TELL THEM BITCHES GET A STICK IM DONE LEADING THE BLIND  .@NICKIMINAJ #NeurodivergentRapLines,2032912228576321540|2032913402897502353|2032934637513675098,Best MPNN per bar
6,A,bar_17_naf_018,bar_17,native_ala_free,Love Me Enough,Pink Friday 2 (Gag City PLUTO Edition),"First things first, all my girls, know your worth
Self-love is the greatest love on Earth
Cry your eyes out, get it out, it's the worst
But love don't hurt, no",TVETETRESEIDIDSDKPVTAAVRVSDDLWIVCTWTKKDGKLYLTTQVIREKLKPCGEETIPVTIGDKTVSLKSRDCVKRTSKATGKEVEVAVLTETSEEVKKLAKELALEVADEILRREA,121,0.9119,0.9252,0.9146,0.8437,0,0.4828,"“First things first, all my girls, know your worth.. self love is the greatest love on Earth… cry your eyes out, get it out, it's the worst… but love don't hurt, no” 🥺🩷 ~ @NICKIMINAJ #NeurodivergentRapLines https://t.co/N6mVNccEOA",2032915694375804959|2033115480454746355,Best MPNN per bar
7,A,bar_3_naf_022,bar_3,native_ala_free,I Lied,The Pinkprint (Tenth Anniversary Edition),"You just a heartbreaker, won’t let you break mine cus I’ll be smashin’ windows and cuttin them brake lines",MDPAALAAAAAAAEAAEKARYADALARYDALVAAGDEAGVCALMEALGLEDKRDVIAKGRAEGQCAAYFDAHFRPEFEAVIAAP,84,0.9526,0.8621,0.9345,0.8212,0,0.8298,"You just a heartbreaker, won’t let you break mine 😫 cus I’ll be smashin’ windows and cuttin them brake lines 🔥 #NeurodivergentRapLines https://t.co/uZOeShzb2J",2032902405570879733|2032908360232714447|2032911541356712038,Best MPNN per bar — iconicity 0.83
8,A,bar_9_naf_011,bar_9,native_ala_free,the light is coming,Sweetener (Japanese Import),"And everything I peeped, can't just unsee… Sips tea, and it's unsweet… Respect bad gyal when mi done speak",MDPEVLKYMDENGKVKPLKGIGGIGAAKLEADNKWPTEEEAKAINKYTSPEEVENSPDATVEDGAAMYTLLQRKAKASPLSK,82,0.8598,0.8048,0.8488,0.692,0,0.7073,"#NeurodivergentRapLines

“And everything I peeped, can't just unsee… Sips tea, and it's unsweet… Respect bad gyal when mi done speak” https://t.co/cPiTaIFhcx",2032903952677707970|2032936506600362102,Best MPNN per bar
9,A,bar_27_naf_004,bar_27,native_ala_free,Ganja Burn,Essentials,"You gotta have real skill, gotta work for that. If it’s really your passion would you give the world for that?",MCPDCATDPEFGLAARTQFVIDASAECKTLFKLSNPFPCLSSRAALEAMLAQPGAKLANLAALRAAVDLVATDPAIAAAFRAATAP,86,0.8326,0.8015,0.8264,0.6673,0,0.3307,".@NICKIMINAJ #NeurodivergentRapLines

“You gotta have real skill, gotta work for that. If it’s really your passion would you give the world for that?” https://t.co/AqAf6eVVqh",2032917385829913046|2032918223075639692,Best MPNN per bar
10,A,bar_11_naf_033,bar_11,native_ala_free,Hell Yeah,Pink Friday: Roman Reloaded - The Re-Up,"When they go against the kid it's gon cost for real
Came straight from the hood with the cross appeal
That's why these big names wanna toss the deal",SFEKEVELDKETAINPITKKKIDIDSKEDPEDAEKCKEALKEMLSLKAKGEYYLSKTEADAPEYLKKTGAEKKSTLPEEELLAKFAKEYLEGSKKKGEEYLEKAKKALLKCSLKYESE,118,0.8468,0.7391,0.8253,0.6259,0,0.5856,"#NeurodivergentRapLines
Why they gotta feel the wrath to know Nicki is
Not playing. Boss for real.
When they go against the kid it's gon cost for real
Came straight from the hood with the cross appeal
That's why these big names wanna toss the deal🗣️🗣️🗣️🗣️🗣️🗣️🗣️ https://t.co/C81mdpeUng",2032908968750678261,Best MPNN per bar
11,A,6E5C_positive_control,6E5C,known_positive,N/A (de novo designed),Baker lab 2018,"De novo designed double-stranded beta-helix (dsβH). NMR-verified fold, expressed in E. coli. Researcher’s thesis molecule.",TRETKVTVNPGEEYEVKVNPGTRVEIQAKGPAEFEGGGTRTRLNPGESYKFENLTSQPLRIRLRNLSDTPIEFRIREE,78,N/A,N/A,N/A,N/A,N/A,N/A,N/A,N/A,"Known positive control — NMR-verified de novo beta-helix (PDB 6E5C, Baker lab). Researcher’s thesis molecule. Replaces bar_77_naf_033 (low pTM coil)."
12,B,bar_9_free_033,bar_9,free_design,the light is coming,Sweetener (Japanese Import),"And everything I peeped, can't just unsee… Sips tea, and it's unsweet… Respect bad gyal when mi done speak",GELTEEVLKELEKKHKEFAAKGKSLVEAIDELLKELKAKGGEENKKKIEILEKAREIAIEENLESGPDTIKKLRELLKKRGV,82,0.9569,0.9235,0.9502,0.8837,287,0.7073,"#NeurodivergentRapLines

“And everything I peeped, can't just unsee… Sips tea, and it's unsweet… Respect bad gyal when mi done speak” https://t.co/cPiTaIFhcx",2032903952677707970|2032936506600362102,fd vs naf comparison
13,B,bar_17_free_010,bar_17,free_design,Love Me Enough,Pink Friday 2 (Gag City PLUTO Edition),"First things first, all my girls, know your worth
Self-love is the greatest love on Earth
Cry your eyes out, get it out, it's the worst
But love don't hurt, no",MFLRQLTEPAAEIALAGPAAAAADPEYAAHVTPIMEIALALPLPLLEIADILLEKAARMTRPEEAALGKATLFAAAALLSLALPPEEAVKYLRERCAKLAEEFEATAPEEEKEEAARVAAE,121,0.9144,0.9023,0.912,0.8251,56,0.4828,"“First things first, all my girls, know your worth.. self love is the greatest love on Earth… cry your eyes out, get it out, it's the worst… but love don't hurt, no” 🥺🩷 ~ @NICKIMINAJ #NeurodivergentRapLines https://t.co/N6mVNccEOA",2032915694375804959|2033115480454746355,fd vs naf comparison
14,B,bar_6_free_027,bar_6,free_design,I’m The Best,Pink Friday (Complete Edition),EVERYTHING I TRIED TO TEACH EM THEY GON SEE IT IN TIME TELL THEM BITCHES GET A STICK IM DONE LEADING THE BLIND,MVVIAVSVEDREVVLKVAKELGVLVDYLETEDLLLLEVDAKKLNLDDAELEEICAKIGKAAGAGAAYLKDYTKPLEEIEPEELPPVEK,88,0.9112,0.8853,0.906,0.8067,1922,0.7394,EVERYTHING I TRIED TO TEACH EM THEY GON SEE IT IN TIME TELL THEM BITCHES GET A STICK IM DONE LEADING THE BLIND  .@NICKIMINAJ #NeurodivergentRapLines,2032912228576321540|2032913402897502353|2032934637513675098,fd vs naf comparison
15,B,bar_11_free_025,bar_11,free_design,Hell Yeah,Pink Friday: Roman Reloaded - The Re-Up,"When they go against the kid it's gon cost for real
Came straight from the hood with the cross appeal
That's why these big names wanna toss the deal",MTFTYTIEEDGSGTASTATVTVKVPTDKDEKPDFTVTFGTTGNHTLTGITSEVIKDPSLPGNQLVAVLTLTITGNGYTLAADDGGNDNKTTITVTVPAEYVASGDDGSNSTITLTLGA,118,0.8816,0.8695,0.8792,0.7666,1330,0.5856,"#NeurodivergentRapLines
Why they gotta feel the wrath to know Nicki is
Not playing. Boss for real.
When they go against the kid it's gon cost for real
Came straight from the hood with the cross appeal
That's why these big names wanna toss the deal🗣️🗣️🗣️🗣️🗣️🗣️🗣️ https://t.co/C81mdpeUng",2032908968750678261,fd vs naf comparison
16,C,bar_32_naf_031,bar_32,native_ala_free,Barbie Dangerous,Pink Friday 2 (Gag City PLUTO Edition),"Lookin like every designer fave muse 
Front row next to the who's who's 
Tryna build another Barbie doll screw's loose",LEARLAALRRALAAAEARLPTTPAGAALAPLAARVRAALAAAEAALAAYKEAAAKAAATGEAEKAAAAAARAAAEAAIAAAEAAAAEYEAAAAR,94,0.9532,0.9183,0.9463,0.8753,0,0.2685,"Splash in some Burberry rain boots
Looking like EVERY designer fave muse
Front row, next to the who's-who's
Tryna build another Barbie doll, SCREW’S LOOSE 😮‍💨🎀

#NeurodivergentRapLines @NICKIMINAJ 🔥 https://t.co/cLkN0Y5Tw0",2032909468594286952|2032917615530611124,Replicate — top performer
17,C,bar_0_naf_015,bar_0,native_ala_free,Super Freaky Girl (Queen Mix),Queen Radio: Volume 1,"I told him it’s no friends in the game
You ain’t learn that yet?
All them bridges you came over
Don’t burn that yet",ETEKLLKELREKAEELWKNESDTEEGALKLIETIREAAKVISGETEEVTAILEELKKNKGGDYKALAEKAWEAANKVGKEKVGKTIEE,88,0.9204,0.9188,0.9201,0.8457,0,0.9938,"#NeurodivergentRapLines

Smart Barbs Get it. Nicki been giving us Neurodivergent Rap lines all along. 🦄🩷

1. Pills N Potions: 
""I tell him there's no friends in the game / You ain't learned that yet / All the bridges you came over / Don't burn that yet / People want respect / https://t.co/AVMFprLgRy",2032637089901117589|2032910452053705110,Replicate — iconicity 0.99
18,D,bar_3_concordance,bar_3,concordance,I Lied,The Pinkprint (Tenth Anniversary Edition),"You just a heartbreaker, won’t let you break mine cus I’ll be smashin’ windows and cuttin them brake lines",CTNKPSAGTLGIAIILGYLIHKEAPLACSWMILGYDVELRHSVPPCLSDGSTVEHVEKQHSGEKRCAAVEATLDYIGYLPVELS,84,0.4702,0.2692,0.43,0.1266,68,0.8298,"You just a heartbreaker, won’t let you break mine 😫 cus I’ll be smashin’ windows and cuttin them brake lines 🔥 #NeurodivergentRapLines https://t.co/uZOeShzb2J",2032902405570879733|2032908360232714447|2032911541356712038,"Raw lyric seed — conc encoding, bar_3 all-4-bucket showcase"
19,D,bar_6_native_ala,bar_6,native_ala,I’m The Best,Pink Friday (Complete Edition),EVERYTHING I TRIED TO TEACH EM THEY GON SEE IT IN TIME TELL THEM BITCHES GET A STICK IM DONE LEADING THE BLIND,EVERYTHINGITRIEDTATEACHEMTHEYGANSEEITINTIMETELLTHEMAITCHESGETASTICKIMDANELEADINGTHEALIND,88,0.6072,0.4968,0.5852,0.3017,36,0.7394,EVERYTHING I TRIED TO TEACH EM THEY GON SEE IT IN TIME TELL THEM BITCHES GET A STICK IM DONE LEADING THE BLIND  .@NICKIMINAJ #NeurodivergentRapLines,2032912228576321540|2032913402897502353|2032934637513675098,"Raw lyric seed — na encoding, bar_6 all-4-bucket showcase"
20,D,bar_3_native_ala,bar_3,native_ala,I Lied,The Pinkprint (Tenth Anniversary Edition),"You just a heartbreaker, won’t let you break mine cus I’ll be smashin’ windows and cuttin them brake lines",YAAAASTAHEARTAREAKERWANTLETYAAAREAKMINECASILLAESMASHINWINDAWSANDCATTINTHEMARAKELINES,84,0.6295,0.4327,0.5901,0.2724,3,0.8298,"You just a heartbreaker, won’t let you break mine 😫 cus I’ll be smashin’ windows and cuttin them brake lines 🔥 #NeurodivergentRapLines https://t.co/uZOeShzb2J",2032902405570879733|2032908360232714447|2032911541356712038,"Raw lyric seed — iconicity 0.83, 3 FS hits"
21,D,bar_32_native_ala,bar_32,native_ala,Barbie Dangerous,Pink Friday 2 (Gag City PLUTO Edition),"Lookin like every designer fave muse 
Front row next to the who's who's 
Tryna build another Barbie doll screw's loose",LAAKINLIKEEVERYDESIGNERFAVEMASEFRANTRAWNEATTATHEWHASWHASTRYNAAAILDANATHERAARAIEDALLSCREWSLAASE,94,0.6586,0.5942,0.6457,0.3913,1441,0.2685,"Splash in some Burberry rain boots
Looking like EVERY designer fave muse
Front row, next to the who's-who's
Tryna build another Barbie doll, SCREW’S LOOSE 😮‍💨🎀

#NeurodivergentRapLines @NICKIMINAJ 🔥 https://t.co/cLkN0Y5Tw0",2032909468594286952|2032917615530611124,"Raw lyric seed — best composite seed, compare with #1 #18"
22,D,bar_27_concordance,bar_27,concordance,Ganja Burn,Essentials,"You gotta have real skill, gotta work for that. If it’s really your passion would you give the world for that?",CPMNDAAGTGWLILGPSYVPPNAAAGHIIYFGIATGAVFVASILGPPCCKHIQGSSVREHWHPKCDPNVWLATLHIIPKFDIATGA,86,0.5898,0.4466,0.5611,0.2634,1344,0.3307,".@NICKIMINAJ #NeurodivergentRapLines

“You gotta have real skill, gotta work for that. If it’s really your passion would you give the world for that?” https://t.co/AqAf6eVVqh",2032917385829913046|2032918223075639692,"Raw lyric seed — conc encoding, pairs with bar_27_naf_004"
23,D,bar_6_concordance,bar_6,concordance,I’m The Best,Pink Friday (Complete Edition),EVERYTHING I TRIED TO TEACH EM THEY GON SEE IT IN TIME TELL THEM BITCHES GET A STICK IM DONE LEADING THE BLIND,LWLICATVENVAIVLKAAALGRTLDATLCNGESLLVAVEAVDLALPPATLDYVARTLSNLAGSAVRYVDKIELPLGKVENATLHPVEK,88,0.4437,0.3119,0.4173,0.1384,2,0.7394,EVERYTHING I TRIED TO TEACH EM THEY GON SEE IT IN TIME TELL THEM BITCHES GET A STICK IM DONE LEADING THE BLIND  .@NICKIMINAJ #NeurodivergentRapLines,2032912228576321540|2032913402897502353|2032934637513675098,"Raw lyric seed — conc encoding, bar_6 all-4-bucket showcase"
24,E,bar_6_scrambled_02,bar_6,scrambled,I’m The Best,Pink Friday (Complete Edition),EVERYTHING I TRIED TO TEACH EM THEY GON SEE IT IN TIME TELL THEM BITCHES GET A STICK IM DONE LEADING THE BLIND,VAINALLTKLAVLECLAEKRPPEIVVAVDTLSAGWGNTLDYSDNVIGLEALVYKEPRTETNVLLLAAGSRLVVHKLATADVAAPLCLA,88,0.4650,0.3583,0.4436,0.1666,0,0.7394,EVERYTHING I TRIED TO TEACH EM THEY GON SEE IT IN TIME TELL THEM BITCHES GET A STICK IM DONE LEADING THE BLIND  .@NICKIMINAJ #NeurodivergentRapLines,2032912228576321540|2032913402897502353|2032934637513675098,"Negative control — bar_6 scramble, composition-matched, 2C well-separated (pos 15, 86)"
